date,open,close,high,low,volumeP
20150101,189.65744608147511,189.99981689453125,190.8771706719807,189.0903658533578,2963643
20150102,190.04260071522322,189.49693298339844,191.74381271840838,189.22945580333513,7331366
20150105,189.3792702851232,187.42127990722656,190.64180561024958,187.04679751673595,10103941
20150106,186.1694487623213,178.91525268554688,186.81140833967845,178.03789888297737,18627980
20150107,179.12927338576628,182.8098602294922,183.77280687029528,179.10787520639283,20720312
20150108,184.05097834657997,180.18850708007812,184.6501559222271,179.78192739820992,19872227
20150109,181.54728059323858,184.09373474121094,184.45751798649138,180.8197283871731,13392787
20150112,184.13657345955565,181.95388793945312,184.2435643466936,180.09220364975974,10100113
20150113,182.53162062437363,180.42384338378906,182.94889929466348,179.85677749808573,9948711
20150114,180.39175484961623,178.66915893554688,181.2477104052324,177.86669881659475,11380041
20150115,179.74978033395087,184.93898010253906,186.40479779837128,179.74978033395087,16927085
20150116,184.02953040371162,186.105224609375,187.23935634856096,182.3283327949327,19136963
20150119,186.2122662538906,188.2344512939453,189.59326422041164,183.76210335218167,13339962
20150120,188.63027965023696,193.24171447753906,193.7766830853342,188.06319949854915,13361320
20150121,193.6590097248124,194.03347778320312,195.0285214787759,190.8878603857459,17084297
20150122,193.69109300063442,189.11175537109375,194.12976983613996,188.20230444025265,23721627
20150123,190.44918534529805,189.78582763671875,192.11828584647952,187.66735117666227,18080494
20150127,191.06973937499922,190.2458953857422,191.88289856167683,188.41629435796523,17939876
20150128,189.61465072299592,194.05490112304688,194.68617592947535,189.61465072299592,19298126
20150129,194.10835928003982,198.8802947998047,199.97163021370753,194.0655629331805,36117653
20150130,199.00868756270236,195.8523712158203,199.27617902007137,194.5149424979657,21746801
20150202,196.0235575345849,194.31166076660156,196.8474157999274,193.80878939472262,19302710
20150203,195.413683259693,200.63499450683594,201.3304494012705,195.413683259693,17092333
20150204,200.9559917954961,198.75192260742188,201.96173460093706,198.13136124086165,14072894
20150205,200.2926304255329,197.66058349609375,201.1271735293087,196.3552519765529,12365643
20150206,197.74616109413523,194.70753479003906,199.00868188305802,193.2310179844294,9045844
20150209,192.84583515065205,191.8828887939453,196.4408282162597,190.87714609111782,8839692
20150210,192.16108189681194,188.73727416992188,193.55199173331846,184.3077237267607,13651008
20150211,189.59324438823455,192.73887634277344,193.60553106485537,188.95128480515393,9781008
20150212,194.30094860424137,194.54702758789062,195.5741684364587,189.86069925186052,8709626
20150213,195.58489758339235,196.3338623046875,197.040016389926,194.52565931328633,7393680
20150216,196.59064338814545,193.18824768066406,197.76758592734356,192.58907018076474,12266698
20150218,192.58903927952977,192.94212341308594,194.30095023114012,191.3907130409981,9835036
20150219,194.07626429908387,193.02772521972656,194.21536671250524,189.92490432901656,9550637
20150220,191.57261851615772,186.83279418945312,191.73311911328037,186.44761275465314,18717199
20150223,186.15872761812142,182.199951171875,187.61384629636035,181.26910203852032,14104463
20150224,182.79912599269178,180.06007385253906,183.34479374629717,179.10784076900913,19946218
20150225,181.63288304739757,180.42384338378906,183.2805852704313,179.97446745305348,15274116
20150226,181.05513496456265,180.17779541015625,181.8896924488369,179.0222509816617,21459750
20150227,181.36540416281517,183.07730102539062,184.24354442256953,180.73414371246815,18659378
20150302,185.9554218833757,184.93898010253906,187.3463459741244,183.07728192391377,14579511
20150303,185.95541976586668,192.76023864746094,193.9692639704592,185.61304900366935,20636925
20150304,193.87298815397747,189.98910522460938,194.6540500885291,188.32000476800712,14476047
20150305,190.98416595587585,189.36856079101562,192.3215948287122,187.91344194847687,10716702
20150309,189.40064622299883,186.0945281982422,190.82366771217244,184.91760000575078,14065391
20150310,185.94474989471314,183.84767150878906,187.4105678041594,183.0452113398197,15234060
20150311,184.23287082229916,183.16293334960938,186.0838560791834,182.40326945899076,11635873
20150312,183.60157448825268,184.8426971435547,185.6130599730144,183.08798974561603,11782380
20150313,185.95542554873873,181.9110565185547,186.08381458855538,181.2476988616737,12936157
20150316,182.21065854911555,180.1991729736328,182.73492811785326,179.8139915415307,13839990
20150317,182.00734103226077,183.35546875,184.00812729417396,179.96375842545055,19070082
20150318,183.38758023432382,185.8805389404297,186.65090177732299,182.8954079453352,9269885
20150319,187.35707957373606,183.20571899414062,187.60315860719794,182.7670420847766,13934612
20150320,183.58015842661288,182.7670135498047,184.27562763376545,181.59007115481376,10405717
20150323,183.28057298414848,180.16705322265625,184.88547875233576,179.34319502411947,13251683
20150324,180.19915185871298,181.4509735107422,182.809800309064,180.19915185871298,9238431
20150325,181.6756782673576,180.79832458496094,181.7826691348462,179.9637672495597,10264941
20150326,179.98518495338175,177.4601287841797,181.72919342066984,176.34739507256452,20621346
20150327,178.4444625104279,173.69393920898438,178.6798567145218,171.50055489934067,23326922
20150330,174.74249782300674,173.49066162109375,174.97787776886372,170.43063661796947,17330588
20150331,175.042071264393,176.7539825439453,178.23049959453544,175.042071264393,20235395
20150401,176.51858814442926,178.90455627441406,179.5358167730029,173.99353186557678,14588531
20150406,178.89382137027428,176.46505737304688,179.32179910406478,175.76960248344625,12334096
20150407,176.7646688292302,178.21978759765625,178.91524257679168,176.7646688292302,21275454
20150408,178.35888970203567,185.29209899902344,186.0624476517458,178.23050064066481,24821205
20150409,185.20648116920796,191.54051208496094,192.37506943966292,183.7727606582179,27276420
20150410,191.50841199734114,193.5198974609375,194.47214475854375,190.25659026826017,25323219
20150413,194.04416485460746,197.40377807617188,197.88525126306965,192.32156903919247,20177342
20150415,197.0828068746773,197.64988708496094,201.06298172725784,194.1297872824526,22231264
20150416,197.83175090493256,198.65560913085938,200.7205899544087,196.65482282603247,20177302
20150417,200.08931830250222,198.33462524414062,202.06870646427583,197.42517431286709,23958678
20150420,200.57081298131627,189.51834106445312,200.6029102446017,187.98832866102612,37628162
20150421,190.4813033556473,187.54966735839844,191.62614869475382,186.6937259818531,17707007
20150422,188.71588864090145,188.2558135986328,189.75372868672946,185.52746060719113,14761313
20150423,189.13312746500563,187.67800903320312,190.3207544839469,185.96609827367416,13337818
20150424,187.66734825610772,188.07391357421875,189.261555120083,185.88054353589987,12709854
20150427,188.3200001777737,187.30355834960938,189.91420698512152,186.47970008634118,11042925
20150428,187.1751873187558,185.14230346679688,188.73729701561393,183.71928191352632,14687371
20150429,184.4575159906408,181.88966369628906,186.28711699983307,181.33329688955413,16387960
20150430,181.88967880413526,184.5324249267578,185.29208873344288,181.45100191759124,34802149
20150504,185.35629051306788,190.65249633789062,191.28375683052093,184.13656588090103,15078502
20150505,191.24095725562034,190.90927124023438,192.97425238020904,189.40065696560288,17846755
20150506,190.44917202037573,188.36279296875,191.89359158330777,186.59738651922365,22438208
20150507,187.23936122445218,186.3299102783203,187.97761249745054,184.02953519601593,16735535
20150508,188.73170175009093,192.78369140625,193.6612652260249,186.58653415905832,17104443
20150511,193.46622481088792,194.13795471191406,194.89634124164493,191.41856237680594,14214007
20150512,193.91045385282848,188.23333740234375,193.91045385282848,187.46411688590172,16650201
20150513,189.2408906213158,191.78692626953125,192.55616113947642,185.74144403277268,16701434
20150514,191.98195418524813,190.2918243408203,192.02530419974357,188.58002672137943,12329713
20150515,191.0935565765658,189.37091064453125,192.18780811864855,188.5366868611301,8331715
20150518,189.57675436433678,193.18453979492188,193.71541469418312,188.99171003295376,9847540
20150519,193.11954160387026,194.05128479003906,196.04477780292075,192.1119612107174,14513036
20150520,195.10221141468998,196.9331817626953,197.3990533812929,194.51715257126492,8708891
20150521,197.45322393762726,194.31130981445312,198.3524655180063,193.7370993195459,10759523
20150522,194.36547602487633,195.84976196289062,196.22896247890162,194.36547602487633,8349048
20150525,195.0155174676145,193.82376098632812,196.74899721981475,193.35788938775943,6617337
20150526,193.9320951328168,191.6785888671875,194.14878732879998,191.26688671284074,9510249
20150527,191.98195091176316,191.8302764892578,193.04371526270762,190.72519105349517,8078236
20150528,191.9494434355898,189.7717742919922,193.76959430839705,188.94836995153776,26538868
20150529,190.66017921748605,190.03179931640625,192.07946178668595,189.1867272140955,29277517
20150601,190.6818569418261,195.50306701660156,196.07729197792483,190.24848698121735,19594976
20150602,196.26147794308244,194.7230224609375,199.0891950200791,193.1628992028949,20178960
20150603,194.7988503909652,194.22463989257812,197.2798829353339,192.52367617228163,15546279
20150604,195.9255916692109,197.7674102783203,198.52579681682707,193.40122372899853,15931395
20150605,197.16071110380008,196.69483947753906,198.68833263238542,195.97977397468765,13066337
20150608,196.48897776595527,191.86277770996094,197.18237548189444,191.35357054253797,10846953
20150609,191.45106541832612,191.48358154296875,192.9895207266513,190.10763453551544,9153355
20150610,191.98195861774076,196.27230834960938,197.1607160745957,191.7652808626073,13509379
20150611,196.31562680186408,190.06430053710938,197.07402780771488,189.3058995312586,14676438
20150612,190.4651811780263,192.81619262695312,193.43373867985483,190.30265840081162,21543824
20150615,193.91044363539274,195.3947296142578,196.09896122972717,192.84869373291542,12858570
20150616,194.7988608597588,195.87144470214844,196.09897081492593,193.5421009211202,13929305
20150617,196.10978017945774,201.77606201171875,204.1920910592102,193.71541890528601,26232634
20150618,202.06860423212302,212.12274169921875,212.78362333916223,202.05777034400052,49366799
20150619,212.8919313400649,215.9580078125,218.0706734042848,212.8919313400649,45710935
20150622,216.02302401911172,214.88543701171875,218.569059659903,213.75866942631936,19394187
20150623,215.09130246423751,215.6005096435547,217.26897171965564,214.7337697106197,16007498
20150624,215.60050485627713,214.71209716796875,218.0815373724735,213.7911878177322,18603004
20150625,213.86701971822035,217.66981506347656,218.6340598737921,213.433649801447,27175118
20150626,216.6622451528934,216.83560180664062,219.73915579940316,215.68716640926314,20966796
20150629,214.06204961157323,214.70126342773438,215.35132559568137,210.61677219354266,20168946
20150630,214.4954259871854,216.70559692382812,217.3014752085528,214.08372379235777,23184864
20150701,216.90062263953092,217.908203125,218.94828527358297,216.90062263953092,14824266
20150702,218.63407434257397,219.03494262695312,220.9634323752079,218.22237217117024,15931202
20150703,218.79657650067608,218.24403381347656,219.67415025395047,217.34479228676173,13831096
20150706,215.83886215863217,220.05335998535156,220.7792448905271,215.64383772501822,12237733
20150707,219.06746437113128,217.38816833496094,220.28088875806586,216.68393668486337,11294999
20150708,215.78468181507515,215.94720458984375,218.56907765168825,214.8746208129287,15190654
20150709,215.81716140276953,213.9536895751953,216.90059342069063,213.0327803154196,16245867
20150710,214.7554200222971,217.07394409179688,217.5506495696996,214.5712439489247,16110573
20150713,217.07393052167873,218.20068359375,219.39245444623876,215.63298029138093,9860248
20150714,218.61242505950358,216.2072296142578,219.17580169690413,215.64385297685726,9942927
20150715,216.62976160109218,219.09996032714844,219.8041774944296,216.58642605014992,13532911
20150716,219.28413391398746,221.8193359375,222.70774365060794,219.09995782458657,14854295
20150717,222.15519072462945,221.38595581054688,223.4336183331038,220.5842336995889,10195142
20150720,222.7077413431539,222.04685974121094,223.17361297010467,220.56257376036214,6348354
20150721,222.75107464087057,218.37405395507812,222.8485796273808,217.2798023997473,7923338
20150722,217.76733847386492,227.60479736328125,228.37401782070467,217.68066737606725,17309440
20150723,228.27651096672008,226.4997100830078,231.38592336156816,225.61130240891728,18642915
20150724,227.0847455694087,222.11184692382812,227.44226383091117,221.25594094462815,13099664
20150727,222.07935014378677,217.84317016601562,223.1627677677505,217.06311584112788,20118553
20150728,218.4824016823122,218.90493774414062,220.30253811049852,216.70558633810427,13382878
20150729,218.74242083361082,215.8171844482422,219.43581855628037,214.97212676641306,14790821
20150730,216.7055815184026,216.71641540527344,218.4173935018678,215.0154517731475,11701228
20150731,216.6839095610817,217.08477783203125,218.39572151149645,214.51707437087728,16634259
20150803,216.90063047763422,217.21481323242188,219.68501204068897,216.5539315940881,9887787
20150804,217.42064814211562,214.08370971679688,217.90818751837557,212.35024441479956,12006872
20150805,214.13787988528327,214.029541015625,216.85727230051697,213.2386383381826,14345010
20150806,214.73378105909532,212.12274169921875,214.95047328601572,211.80855894366584,8708037
20150807,212.1335620722365,213.29283142089844,215.38382955320594,211.7326937727728,8608888
20150810,213.3253271365139,209.94505310058594,214.2570558941865,208.991642104184,9288894
20150811,210.40009859015612,209.31668090820312,210.97430909372304,207.58320104550285,8762464
20150812,208.79663889421184,204.311279296875,209.3166799577667,203.80207212080109,9650325
20150813,205.199665865074,202.24192810058594,206.70561946323085,201.38602214880487,9340350
20150814,203.73706699967414,209.52252197265625,210.61677352752332,202.4477910074001,12739366
20150817,209.31667454329204,206.00140380859375,209.31667454329204,204.9938233699903,10857430
20150818,207.14982656076893,204.5712890625,207.14982656076893,204.15960134533572,6630334
20150819,204.54960976520962,206.84646606445312,208.23323248887783,203.5636971480745,8877298
20150820,208.00571234605115,198.54745483398438,208.00571234605115,197.9949121712965,19008087
20150821,197.18237828844065,196.73817443847656,197.59408047605146,194.36548076434084,20050521
20150824,190.6818473899387,179.75013732910156,190.6818473899387,177.24743714191817,35635706
20150825,182.19868081612418,183.7804718017578,186.48903049306983,178.37421723569062,49504268
20150826,183.70462158202437,184.91806030273438,189.5550940551504,182.01449183987322,18955515
20150827,187.82163386495085,188.33084106445312,190.95271427782035,185.7089678510859,26997546
20150828,189.5984260085142,189.03504943847656,191.3318912652094,187.66993632773065,10770215
20150831,189.13256689851062,185.45977783203125,189.13256689851062,185.00474009842287,20708942
20150901,185.02640369526745,181.98199462890625,185.02640369526745,180.95274642396473,21645696
20150902,184.1813215070348,184.0838165283203,185.719776786823,182.5778629081036,19652369
20150903,185.05889951193842,185.01556396484375,186.51068373301473,182.96790150674747,11659978
20150904,184.11630740753597,181.12606811523438,184.11630740753597,178.7858764407692,16199949
20150907,181.63529768169096,180.54104614257812,182.88123810648506,179.3492896184002,10234633
20150908,181.1477484492565,183.87796020507812,184.82053727176375,178.785888839222,12900468
20150909,186.5648612324831,189.392578125,190.4001585674475,184.2896725893102,17340694
20150910,186.56484914426318,187.8649444580078,188.62334544474885,185.37307823145125,11074406
20150911,188.94839381674902,186.55404663085938,189.8368015913761,185.52479830752594,10634833
20150914,186.7273506231309,187.18238830566406,187.58325655747512,184.59301719481002,7964072
20150915,186.78152687506463,187.8649444580078,188.51500657934812,185.3947460045314,11509788
20150916,188.97006093051598,189.06756591796875,190.10764804640357,187.47494106283227,13424811
20150918,190.34599521984015,194.018798828125,194.90719207485822,190.064314142537,34261453
20150921,190.68185905070663,190.27015686035156,192.4586599979373,189.82595300742656,12732187
20150922,190.68189315472125,183.72633361816406,191.7436432508413,182.9896146703454,15745524
20150923,182.6645165529943,184.25714111328125,185.6547557347657,182.014468959186,15221260
20150924,183.7479682552496,181.44029235839844,183.7479682552496,180.8769157435693,29076982
20150928,181.97115954283998,180.7685546875,182.2095050578179,179.56596429662866,11624639
20150929,179.8476583991511,182.177001953125,184.23549833313385,179.00258628744294,15853471
20150930,184.39804104189815,186.8465576171875,187.388266488164,181.68948222254548,17292020
20151001,189.37091950173732,187.36659240722656,189.37091950173732,186.0448291708866,8663393
20151005,186.95489006868033,192.41531372070312,192.84868366194448,186.74903175274474,16015412
20151006,194.0729460513524,194.59298706054688,195.12386195608983,191.9277642320159,12330294
20151007,193.86709216821816,198.00575256347656,198.92666185303753,193.06537009567674,11515191
20151008,198.24413165514807,192.6536865234375,198.24413165514807,192.0361404634542,10753149
20151009,193.72627472665081,192.2744903564453,196.19647348713048,191.00689654478074,9327873
20151012,192.41533473680036,193.2279052734375,195.36223908753516,192.41533473680036,6212395
20151013,191.776131355009,193.6287841796875,194.21382863367256,191.3102596766657,6162561
20151014,194.10545021862794,195.6547393798828,196.09894319037795,193.70458195408665,8002587
20151015,196.6839853217014,195.81724548339844,197.39903628639732,195.03719120049996,9048478
20151016,195.99060477692237,198.2224578857422,198.2224578857422,195.81726257991463,15246935
20151019,203.89956954854145,208.77496337890625,209.20831886207756,203.89956954854145,33505855
20151020,209.09999773181758,207.30152893066406,209.46836438823505,206.49979228983844,18091895
20151021,207.04147485254975,206.93313598632812,211.22347080445007,206.49976605697344,14404450
20151023,208.8724884126284,207.07400512695312,210.8443139082116,203.93209078555114,12153422
20151026,208.42827240561186,204.30044555664062,208.66661793036457,203.96458058001983,10938775
20151027,203.4228646181636,203.5853729248047,205.4705271397162,203.1195013146315,11601798
20151028,203.01115402837874,203.02198791503906,204.7446337519029,201.49436650252918,11958727
20151029,202.81614902892414,203.89956665039062,204.76630653335124,202.58862293902442,13280382
20151030,204.1379101598204,205.35134887695312,207.1281497086737,203.70455468706052,13366359
20151102,205.63302896102584,207.9732208251953,208.34158743976616,204.80963910221067,7222044
20151103,208.7207535194937,209.57664489746094,210.28087635015973,208.28738365578658,11373522
20151104,209.75004270123327,206.13140869140625,211.26683028976163,205.0263232774512,10033187
20151105,205.6330279610692,202.94615173339844,206.066397894139,202.16609742544742,10767454
20151106,203.56370272069833,206.36976623535156,206.8789733878841,203.22785222431574,8367190
20151109,202.27444873910952,208.2874298095703,209.0999858276653,200.0967650530466,17031699
20151110,207.36652900655542,199.94509887695312,207.9082378624526,198.54748395366104,11486238
20151113,198.27662579949765,202.17694091796875,203.36869744218205,198.1574530399701,13682323
20151116,200.64931578292465,202.44778442382812,204.1162464203342,200.37845414262804,15346549
20151117,203.26035648677433,201.02850341796875,203.444532567793,200.69265291728763,8588142
20151118,200.99599740979772,197.61573791503906,201.79773396818385,197.17153408830822,11249222
20151119,199.11085913202984,202.5452880859375,203.4011940849081,198.7533263978005,12183206
20151120,202.38282393144007,205.16720581054688,206.45648203374037,200.5518387774814,11304265
20151123,205.8497060504887,206.66226196289062,207.5615034275395,205.02630178764704,10499517
20151124,206.4997934585676,209.68504333496094,210.53011553256326,206.07725735976646,14806176
20151126,210.40010002315907,214.2245635986328,214.93962910943114,209.8042217404734,23805828
20151127,214.30039535707985,212.14439392089844,215.0587963989896,211.07181014647182,10891864
20151130,212.0251909570661,209.55499267578125,213.30363287308145,208.51491071149997,29919205
20151201,208.88329600776646,209.2949981689453,212.09021327421635,208.2874177717434,12981379
20151202,209.37084963989025,211.9060516357422,212.28525216248792,208.99164911314452,7573628
20151203,211.2451417580576,211.74351501464844,214.289550731529,211.07179956949327,11361395
20151204,210.68176513068136,209.19747924804688,211.52683722866837,208.3199199541801,13443688
20151207,209.1974841011743,206.29393005371094,210.83345890118747,205.7955567856769,14483909
20151208,205.61137986239547,203.87791442871094,206.62979423999667,202.83783227560627,7532164
20151209,202.85948852847437,198.46080017089844,204.43044555665102,197.7999185911125,9174419
20151210,199.89091885238525,205.92556762695312,206.67312031200535,199.34921002517478,18592203
20151211,206.22893933201533,206.48895263671875,207.79989644134054,204.31128335194933,18155513
20151214,205.32970736030373,206.954833984375,208.77498506059575,204.98300847329259,10563900
20151215,207.36651277418173,211.4618377685547,211.90604159922327,206.6406134175519,15718833
20151216,211.46184572819857,212.05772399902344,213.9862138120149,210.94180466909168,12097338
20151217,212.36106787702778,218.78573608398438,219.93417143545585,211.91686407028837,19369032
20151218,217.50732470766613,214.9287872314453,218.63407790552466,214.5170850533323,16016139
20151221,214.06201635265296,214.9720916748047,216.46721128563487,213.2927960082042,12331769
20151222,215.1237938560502,213.93203735351562,217.2472935723345,213.21697188041995,11579277
20151223,214.90710389759477,217.50730895996094,218.1790243822691,214.51706952212285,12919467
20151224,217.5289999823818,216.8031005859375,218.24405102678202,215.88220567761783,11901877
20151228,216.81392477286366,218.93743896484375,219.66332386434127,216.6839181277839,12885935
20151229,218.93744111606742,220.02085876464844,220.73590978408188,218.23320951936154,14913870
20151230,219.9341697717124,217.6589813232422,220.15084749801062,217.11727254302883,8151610
20151231,217.42065505504476,219.84750366210938,220.95260355737904,216.4889118206147,18483713
20160101,218.8074201514001,220.01002502441406,220.7792454803435,218.46073576088267,5416562
20160104,217.76732871141704,215.66549682617188,219.67415063535964,213.80201044918542,30170947
20160105,216.74891923913347,217.79983520507812,218.85075117102275,216.03386823402062,14946239
20160106,218.33070151970546,223.6611328125,225.00457813836778,216.77057846279516,26759864
20160107,221.2451225143631,219.55499267578125,222.75107626597082,218.42823945006,19739943
20160108,221.0175933977657,222.26351928710938,223.81280846606384,220.30252795242174,21313199
20160111,220.1400581732577,227.86483764648438,229.85833098982943,219.06747428202954,29016443
20160112,228.60152620236326,226.53219604492188,230.85503242835276,225.58961900047527,23373377
20160113,228.18983392878874,233.33607482910156,236.13130442423247,226.9113918866168,71802356
20160114,230.51915539157707,230.04244995117188,234.23529394246754,228.17897819728532,27823189
20160115,231.7976130862865,232.56683349609375,236.07711399088967,230.89837157336237,28767318
20160118,232.9352255402803,220.33505249023438,234.87454930310864,218.43907874282425,27254669
20160119,222.9677657669591,226.13134765625,227.47477861500693,219.73916608917565,21489315
20160120,224.2461720902953,217.66981506347656,224.2461720902953,214.51706736114656,45114225
20160121,220.4867190379852,213.2602996826172,222.2635198402183,211.63517329333288,31768619
20160122,215.39465734314572,217.58316040039062,219.0674463300032,215.39465734314572,23682648
20160125,218.85078541561003,217.53985595703125,220.74677379156364,216.6839498227893,13099564
20160127,218.4390482499447,216.54306030273438,218.8507359264871,216.0230192994764,17251028
20160128,216.90062314554362,220.34588623046875,221.40765062140753,216.0555509736724,23074633
20160129,220.79007267188388,224.35452270507812,225.35126922652623,220.58422882125657,19177163
20160201,225.34044883358007,223.24945068359375,225.741317136433,222.2202024398864,9918809
20160202,223.2494350258033,216.93310546875,223.79114382847345,214.62541526566855,14771279
20160203,214.08371145027684,212.65359497070312,215.38382128565348,211.26682850366376,15691478
20160204,214.08371842669246,210.84429931640625,216.90061592956934,209.25167447968684,18203784
20160205,212.15523419626544,210.37843322753906,212.7836141446888,208.3199367153294,20998404
20160208,210.42174865802698,208.24407958984375,213.39032037829412,207.57234969056293,12078110
20160209,206.4781069754913,207.474853515625,209.9233843176464,205.8497270604858,19603494
20160210,206.21808030331113,208.59075927734375,210.8334460793422,205.55718430549038,16883350
20160211,208.63408632337428,200.33509826660156,209.3058161802048,198.3741070547134,17114833
20160212,202.36109312462662,196.43478393554688,202.36109312462662,192.43696430370386,29319458
20160215,198.91584879413813,205.1455078125,206.14225441259546,198.91584879413813,19283523
20160216,206.0880509679011,201.6352081298828,207.58317062133858,200.8659732990459,13024856
20160217,202.62115500523984,206.4131317138672,207.46404783225884,198.56916497138766,15442221
20160218,208.65577589542633,203.70455932617188,209.90171630139076,202.81615165784507,14433087
20160219,203.68289510802944,204.62545776367188,206.44560868036544,203.10867015458356,10235503
20160222,204.5712727200524,208.51492309570312,209.81503286050489,204.5712727200524,12770834
20160223,208.68826781181738,205.7738800048828,209.57667543865958,204.2787602662221,18989787
20160224,204.74463906717372,206.42393493652344,207.70236252456638,204.11624469562528,15186204
20160225,206.75980661819221,204.5712890625,207.26901378546972,203.86707192393416,24826958
20160226,206.49977811592808,205.92556762695312,207.74571854364044,204.6146238757118,8349402
20160229,206.1313998221323,209.45750427246094,215.51382047887952,202.5994515256083,31032353
20160301,209.03499074520192,212.63194274902344,213.44451326362557,209.02415685739308,16453192
20160302,215.1454552779109,217.00894165039062,217.92985094991764,213.92119715042463,20105967
20160303,218.85074702006418,219.4683074951172,220.58422676177284,216.14220300422977,15880459
20160304,219.71748816230425,218.07069396972656,219.93418036350587,217.44231406873183,8987660
20160308,218.3090620853021,222.53440856933594,223.37946629456678,218.3090620853021,13222993
20160309,221.01761288406888,225.7196502685547,226.19635578599065,220.71424956771168,11854901
20160310,225.79547344704704,219.22994995117188,226.62971166682465,218.6340717075315,20706353
20160311,219.9125064796047,219.82582092285156,223.08692202135626,218.98076330860337,15319044
20160314,220.82256969173233,220.9634246826172,222.40436053566276,219.48997270516114,11880095
20160315,221.88433261951093,221.12594604492188,222.71857086958101,219.95585728894147,10487788
20160316,221.2342964917572,221.3968048095703,222.27437865470074,217.86487058227974,11064129
20160317,225.0399570665834,222.6295928955078,227.2092775068877,221.7530941737844,16832997
20160318,223.12261189536045,225.08377075195312,225.73018158313377,222.56384800707525,14030979
20160321,225.24809979968094,227.29690551757812,228.21722763598328,224.1086603327633,12708074
20160322,227.23117666128962,229.60867309570312,230.5728040834198,226.93535360520687,15333442
20160323,229.40049801845998,225.5220184326172,229.40049801845998,224.0319765323896,16806372
20160328,225.6973045331758,223.59371948242188,226.069818652217,222.5528828244483,18070240
20160329,224.33874980426646,227.0668487548828,228.3268028547785,223.54991266513605,15871250
20160330,228.48014472888286,229.43333435058594,230.4632150363048,228.48014472888286,14453294
20160331,228.10767709524688,229.02798461914062,231.3945252040898,226.2889445284382,30833349
20160401,227.6913186672086,226.67239379882812,229.26900737044363,224.6016764616243,12381116
20160404,227.88855425495225,226.80389404296875,228.37062708553685,224.6674412237693,8632568
20160405,225.99310667861815,225.02896118164062,228.41441166012706,223.9881246199325,10259495
20160406,226.15748468658478,226.51904296875,227.16545382745403,224.0758111948758,6990781
20160407,226.77102453479034,227.2859649658203,229.64154975769242,223.9662491481989,8789163
20160408,226.99012768256125,227.0887451171875,231.05487153542248,225.96026151232513,13411752
20160411,227.23116754058466,227.9542694091797,229.09372348952124,226.35466890257615,10308361
20160412,227.9542784429017,229.5100555419922,231.7122580915777,227.4612497678992,11164859
20160413,230.63853772971424,233.59669494628906,234.4403259570733,230.63853772971424,16038542
20160418,233.5419476274069,233.31187438964844,233.76107962402838,231.26306847744087,19065716
20160420,234.2869537176954,227.29690551757812,234.2869537176954,226.96821486748303,21687934
20160421,228.19532804609827,228.1405487060547,230.5180305732545,226.7929330590013,11380697
20160422,227.6694336513031,227.65847778320312,229.53197511028492,225.54393673059408,11705087
20160425,228.86364076735003,222.8267822265625,228.86364076735003,221.81881315850842,61157544
20160426,222.4980756724846,222.83770751953125,224.36061678019774,220.76699032985212,26429236
20160427,223.045927226187,223.37460327148438,224.80986588459822,222.62958960814967,14502641
20160428,222.191330042699,218.40049743652344,223.33076953535365,217.14052877213814,61949033
20160429,217.68833369750698,215.332763671875,218.80587606630152,214.4891326183518,23479680
20160502,214.5219815342593,216.26402282714844,217.45824153721475,214.30286420299032,10620873
20160503,216.49410547606095,213.82080078125,218.01701487683874,213.15247826437871,17571826
20160504,213.43734404391662,214.32479858398438,215.5518850234082,213.20727082177217,13546285
20160505,214.74112349187703,213.70028686523438,215.49709294728052,212.74709717518041,21665684
20160506,213.2072481468575,212.31979370117188,214.039908632438,211.89250027816306,14748329
20160509,213.64550060707418,215.42039489746094,216.0558497944642,213.1634278441311,15347096
20160510,215.4204107830258,215.29989624023438,215.77101317120005,214.30288304067054,7248302
20160511,212.9443178160223,213.73316955566406,214.90547666995272,212.54989194620143,12339923
20160512,213.86460971164934,217.54588317871094,217.8526620623514,213.65644825200658,12786216
20160513,216.70229575824285,214.3357696533203,217.05289817751307,213.64553531060585,14648291
20160516,214.08375669578973,213.8536834716797,215.28894603739437,212.79093503899387,9327335
20160517,214.79590788640263,212.36363220214844,215.4204069516321,211.7500890042506,12157600
20160518,211.65147005866507,212.67039489746094,213.09767369081237,211.25704423747715,8228838
20160519,212.9224273155319,208.43038940429688,212.96625079129075,207.203302828393,9134784
20160520,208.60566701348233,204.70526123046875,209.1534750065956,204.08076216614526,18544619
20160523,205.39549903205173,203.78494262695312,206.12957140948686,202.83175289943375,18365734
20160524,203.35765559311855,206.07479858398438,206.85267982869118,203.35765559311855,12283217
20160525,208.13458094292477,208.43038940429688,208.78099183769584,206.22820123810234,9240115
20160526,208.16745237969837,207.47720336914062,208.69334872580833,206.87461593904175,14190024
20160527,207.9592369813486,213.5797576904297,214.06183046897164,207.89350177891004,13401594
20160530,213.95227736233943,212.26502990722656,215.06980508750934,211.45426646808104,9633652
20160531,212.33077438883083,209.88754272460938,213.20727307042165,209.59173429301813,23332727
20160601,209.90942742665803,208.95623779296875,211.69529216335349,208.56182660164214,9042808
20160602,209.15345569010546,209.5369110107422,209.73413123153733,207.0936943156717,10253825
20160603,210.35865823742105,210.28196716308594,210.99411319495303,209.44929195850835,8643295
20160606,210.57779526533074,209.21923828125,211.01604464408612,208.7262095585662,8672842
20160607,209.75604430539644,209.2739715576172,210.56679304439453,208.51798752316395,18954268
20160608,209.9204140083773,209.0658416748047,209.9204140083773,207.98116685797325,12135516
20160609,210.3586483500551,212.8018798828125,213.96323106566854,209.52597318461522,15643495
20160610,213.42637392632568,214.01800537109375,215.70526739680625,212.17737583485157,16316760
20160613,212.52797500136424,214.98216247558594,215.49710287910304,211.02697726112706,10214469
20160614,214.94928383029816,213.91940307617188,215.92438524934602,212.39649367901382,10923848
20160615,214.7411306723193,215.7490997314453,216.16542269416254,213.3716033603493,11129082
20160616,214.9602396405732,213.93035888671875,215.54091521957722,211.90346498004826,9372207
20160617,214.08374197652589,213.6235809326172,214.44530021688112,212.5717884400618,10534878
20160620,213.0209959589808,216.97618103027344,217.50207728233312,212.11164435555278,10758608
20160621,217.8307861924487,216.2969207763672,217.84174206054942,214.67540841547998,13933068
20160622,215.8367500888845,214.85069274902344,216.03395570592608,214.10566449665765,12788710
20160623,214.73016301130548,214.8397216796875,215.17935355167174,212.54987237387576,9837526
20160624,211.43235401267034,208.48513793945312,211.43235401267034,204.5299674454081,24985097
20160627,206.0857560533214,209.4054718017578,210.00805916554054,206.0857560533214,9163399
20160628,209.5698226145508,209.8765869140625,210.69830625669405,209.26304368771218,7604977
20160629,210.7969315687708,211.87063598632812,212.3198412430333,210.3586821810748,7523987
20160630,212.9881312673779,212.36363220214844,214.19332055583646,211.90347114689354,12758283
20160701,213.15248028671834,213.3058624267578,214.03992015284405,212.54987833905426,6610193
20160704,213.75504081451234,216.20921325683594,217.72116661540537,213.75504081451234,7803505
20160705,216.07775288079722,217.6116180419922,219.75902634220017,214.8068431376506,11359882
20160707,217.48016753091017,216.47219848632812,219.23315017798382,216.0887285041374,12029091
20160708,216.2749858086854,214.39051818847656,216.7132204856403,213.9413130172721,7140617
20160711,217.15148817014477,217.4801788330078,218.0170309850437,215.94631345185854,8266601
20160712,218.08277206779184,219.86863708496094,220.2192248656451,217.15149402069494,9767494
20160713,220.26302825016242,221.04092407226562,222.78295083064842,220.03295504007122,14915296
20160714,220.89850090450767,220.19729614257812,222.2132342353048,218.7401219095391,10758372
20160715,221.09570014439257,221.79689025878906,223.72518135753663,219.89052552133825,13992989
20160718,225.2590366000142,220.49310302734375,227.61462103376635,219.50704578784985,32106850
20160719,220.43832912252606,223.02398681640625,224.15247034816332,218.0937004975423,16649300
20160720,223.49509914435163,224.16342163085938,225.3247727391712,222.7500709647109,12265316
20160721,224.38253791163757,220.5150146484375,224.60166986881674,220.2191916258094,6711097
20160722,220.43833178469038,222.37757873535156,223.02398950979676,220.24111155315876,6899519
20160725,222.19130742123306,224.108642578125,224.32775990927829,220.73413328708818,8241568
20160726,224.16343569927,224.3935089111328,226.74909350254921,222.45427652916797,10516399
20160727,224.17440155171042,221.99412536621094,224.82081237449123,221.08475909083396,11030767
20160728,222.39951032823146,224.8975067138672,225.80687300244747,221.98317272151652,15610838
20160729,224.38257699443955,222.38856506347656,224.57979725298497,221.75309544156391,9629597
20160801,223.06783253491668,221.2052764892578,223.5718170838445,220.23017499498482,7978251
20160802,220.87661313204524,221.92840576171875,223.50609470622905,220.50409897606528,7710138
20160803,222.2789639734849,217.7978973388672,222.2789639734849,217.26104522698256,11872282
20160804,218.9044696081516,217.5897216796875,219.1235869492327,215.4861366960056,10187608
20160805,218.68533302177423,222.68434143066406,223.2869287332381,218.47717155214292,12109001
20160808,223.48415333911302,225.532958984375,226.5737956075618,223.2102420358569,13556347
20160809,225.03994391204938,225.85069274902344,226.68336794872005,223.72519590631683,13290768
20160810,225.97121519610445,219.92340087890625,226.69431706997543,219.56184262830763,13471958
20160811,219.550907674334,222.2132568359375,224.1305923179597,219.0359672314781,14169454
20160812,222.8486627885502,226.9681854248047,228.52397690672896,222.8486627885502,16365425
20160816,227.06682794373526,224.57977294921875,228.94032511953964,222.52001140342725,13367575
20160817,224.40445912127265,222.03793334960938,225.4343398697291,220.70127369907684,15486572
20160818,222.62956070489236,223.07876586914062,224.30585220026362,222.62956070489236,7749690
20160819,223.06784353166555,222.38856506347656,223.94434225839996,220.67939108361168,8177802
20160822,221.75308244702694,221.72021484375,223.44034459121778,220.70128988751082,6684236
20160823,221.75306876922838,221.41343688964844,222.41045004887354,220.2192034955994,7320433
20160824,221.68733993219632,223.61563110351562,223.93336588537835,221.53395778862702,8719596
20160825,223.7690202799804,221.90647888183594,225.47819415706164,221.0957154142639,14960746
20160826,223.04590491537942,225.2371368408203,225.87259175882602,222.32278843340234,9639663
20160829,225.09471573209223,231.71224975585938,232.21623428045746,224.84271615613008,16193208
20160830,232.70927052638626,233.6734161376953,234.1335625806446,230.73715583301112,18170724
20160831,233.34471559525892,232.27101135253906,235.33874193954605,229.4223981100357,23295502
20160901,230.73715776975035,225.5220184326172,235.06484256195037,224.75507843327753,42621045
20160902,225.93833984566922,222.0489044189453,226.25607463645417,219.62758451940596,28124615
20160906,223.48416137695312,223.48416137695312,224.60168910959345,222.4104571140378,11510431
20160907,223.94433969698278,222.99114990234375,225.05091164748129,221.98318076632634,12927438
20160908,224.1744137851142,226.4423370361328,227.00111557497692,223.54991466369302,12206479
20160909,226.7929146937263,228.8855438232422,230.05785085989774,225.69729872692147,15269894
20160912,225.78494411317527,229.31283569335938,231.39450894145656,225.5110474370182,33684893
20160914,229.641527682277,228.9293670654297,232.0518769559346,228.08575067057987,18604842
20160915,229.422408780474,233.36663818359375,234.50607768266,229.422408780474,31371009
20160916,233.80487805536353,235.67837524414062,239.6883396913364,232.07379251404612,39324529
20160919,235.02101787319174,237.17938232421875,238.40648339133926,234.68138597373326,16678060
20160920,237.52999226973202,235.38258361816406,237.69433029082327,234.2540999520163,11531268
20160921,235.3387617605514,234.95529174804688,237.72719952610714,234.2431456911048,10943394
20160922,237.31087697435294,238.61465454101562,240.11565236203208,236.4343782662475,18761415
20160923,238.62559838918483,241.64950561523438,243.10667989017782,238.62559838918483,31085948
20160926,241.78097228034986,242.6136474609375,247.51106648279213,241.09073800389322,38213411
20160927,244.76105284756102,243.3367462158203,246.72221160461515,242.48217393863686,19374535
20160928,242.7670132464464,238.9871368408203,242.7889249798629,238.03394718255126,24820234
20160929,239.94032663411426,234.99908447265625,243.39151241310938,233.8925126798489,21260295
20160930,234.02400381284568,237.46424865722656,239.8417450815078,233.65148968422855,11199883
20161003,238.187344467522,238.99810791015625,242.7779845562196,235.831774466108,18125170
20161004,239.5130431590022,240.23614501953125,242.85467040972992,239.2829553211116,13113580
20161005,241.9124572620879,238.71324157714844,242.46026526161546,237.92440449385236,10789932
20161006,239.28294357948988,243.40248107910156,246.7879316323841,239.28294357948988,21111045
20161007,244.10367256474555,243.008056640625,246.08672831846198,242.46024867856474,15280380
20161010,244.10368314905867,240.23614501953125,245.85668040552162,239.7212046352273,11553662
20161013,238.62559254856615,231.64651489257812,238.63654841591426,230.51801667374394,21938040
20161014,232.92836263807334,236.13851928710938,237.0917089274334,232.6325396151943,15265659
20161017,236.65347451095974,232.41343688964844,236.82878301333292,231.9970993090854,9826781
20161018,233.58572669382943,236.89450073242188,237.25605895034775,232.72019862233856,11073137
20161019,237.62856792422673,238.26402282714844,239.87459375908222,236.96024542084314,17073242
20161020,239.71025688679038,238.30787658691406,240.5977114122487,237.54093660440458,10125508
20161021,240.37858353052374,233.1913299560547,240.37858353052374,231.9204054950204,43608816
20161024,234.46225553291902,232.99412536621094,235.33875421129068,232.41344974567096,10513017
20161025,233.36662636240877,232.45726013183594,233.4214056983076,231.00008591494867,7658966
20161026,231.4054887343722,230.9672393798828,232.15051702520236,230.53994589357248,10945927
20161027,230.32078756380474,229.79489135742188,230.9343307000306,228.63354028235239,12842476
20161028,230.07978383884708,231.16444396972656,231.83276651068758,228.7212123947254,8127969
20161101,230.36463962448744,230.2989044189453,231.38356456504383,229.51005269778642,10223897
20161102,228.1076497511826,224.3277587890625,228.51303143911701,223.7251715040749,7039997
20161103,224.34970081286377,224.37161254882812,226.73815316961262,223.63755476669553,7311872
20161104,223.56084968743372,220.33973693847656,225.01802391976943,219.12359178665108,11535892
20161107,222.19132617234345,219.37559509277344,222.75009004126457,218.91543403119258,9506040
20161108,220.37260623932875,219.89053344726562,220.37260623932875,218.75107935772692,13432073
20161109,208.16740330989538,220.1315460205078,221.0956915323264,203.7849250404767,21640144
20161110,223.19930254580945,221.40249633789062,225.4672403255488,220.65746807004297,9764091
20161111,218.65247790372766,219.50706481933594,222.95826545678722,218.04989056675313,14775330
20161115,218.35666839823705,215.9243927001953,219.12359374312513,214.64251233314886,14487470
20161116,218.0279764304218,216.17637634277344,218.42240228153716,214.89451061080626,16550762
20161117,216.05585458196725,214.2480926513672,218.7182033902041,213.51402031030526,12628378
20161118,215.83672878922638,216.38453674316406,217.52397611716844,215.17934754264104,18163751
20161121,216.3955046046057,217.26104736328125,217.71023791600237,215.4423149088138,13232434
20161122,218.61959543986137,219.44131469726562,220.8327390232457,217.65544991531314,17646355
20161123,220.2191893013959,221.09568786621094,221.4243784848478,219.02497061164598,13107911
20161124,220.3397528310744,216.35169982910156,220.3397528310744,215.22321616157464,18913793
20161125,216.93236944293764,217.7431182861328,218.22519109586784,215.69432712891745,10454964
20161128,217.58971163871078,216.19827270507812,219.25504723605545,215.63950888378042,8312777
20161129,216.7132492987309,218.61962890625,220.0658474144601,216.5050877995012,9885281
20161130,219.11264922303127,216.94332885742188,219.11264922303127,216.19830058141181,27596098
20161201,219.1235828347194,218.63055419921875,222.4104452804989,218.02796689523475,12627845
20161202,218.2251752483041,217.9731903076172,220.21920154912956,217.3267795280946,12481430
20161205,218.0279859360806,217.7760009765625,219.0578667644169,216.1654298999004,3987213
20161206,218.2470929162493,220.26303100585938,220.55885404986077,217.94032863228978,6726369
20161207,220.00008048767293,218.9373321533203,220.78891752467385,218.32378898513616,4930865
20161208,220.23018122484893,223.5170440673828,223.90051408068845,220.0767990704576,8750556
20161209,223.9443298743786,225.4672393798828,226.10269433932746,223.5718157420172,8239158
20161212,223.6156405764741,225.08377075195312,228.26106019587357,223.6156405764741,9023848
20161213,225.25906856536696,227.8447265625,228.10768202309808,225.16046575289036,10365823
20161214,227.84472487894743,232.16146850585938,233.2461286897416,227.49413710384343,24139260
20161215,230.60569699721975,230.72621154785156,233.93636870591837,229.78397762462063,19331986
20161216,230.51801667374394,231.64651489257812,232.7092632799974,230.51801667374394,14942206
20161219,231.1753931322906,232.82977294921875,233.79391851033174,231.03295223241926,15009634
20161220,231.1096619157531,231.81085205078125,232.49013045119372,230.77001540188377,11688169
20161221,232.29293525698972,232.98316955566406,233.87062410205024,231.6574802973112,20367894
20161222,231.83276770494604,230.8138427734375,232.85169263645457,230.28794650644363,28892834
20161223,230.51801650419446,231.67938232421875,234.23217255108227,230.51801650419446,10265033
20161226,231.0329342617378,229.52098083496094,233.58572423849932,228.9074376967018,15321770
20161227,229.60865847968532,233.30088806152344,233.8267843064954,229.4223941127765,17442849
20161228,234.0020909222067,230.0140380859375,234.36364918135376,229.44431834180284,9637310
20161229,230.0797895919845,233.46524047851562,234.19931286977828,229.97021628755195,8772325
20161230,233.3228144939191,237.17938232421875,237.7491167005445,232.9503003639605,15711974
20170102,237.52996765259263,237.77101135253906,238.84471556704645,234.97717751957185,7097888
20170103,238.811859011471,238.71324157714844,240.3785919379455,236.8945236994614,6434204
20170104,239.48020166276197,233.8377685546875,239.50211339949,233.21326943061072,10392483
20170105,234.68137523395623,236.08375549316406,236.6315634816447,234.18834658159105,8734164
20170106,235.38258275587793,235.5469207763672,237.74912338755868,235.14153903183325,7845839
20170109,235.9961082155429,236.1494903564453,237.96822282216377,234.68137489601304,5228980
20170110,236.65348010667586,238.81185913085938,239.8088576960903,236.65348010667586,11349916
20170111,239.94033043518084,237.9791717529297,240.09371257161257,237.52996658319685,11475958
20170112,238.18733569952568,237.3765869140625,238.92140804330162,236.609646969281,4371992
20170113,237.65049267666242,238.932373046875,240.4881501026076,237.65049267666242,7234429
20170116,238.83376725026284,235.83177185058594,239.71025126028096,235.3277873282119,12013154
20170117,233.36662829510973,228.16244506835938,234.02399495866607,227.55985774115555,39234251
20170118,228.45826090020353,226.25607299804688,229.64153848580435,225.4233978038085,15867619
20170119,226.82579205961582,226.50807189941406,229.04990631766094,225.9164257947301,15284274
20170120,226.56284239636582,224.7769775390625,227.32976772528664,224.36063995944215,8784907
20170123,223.90051762099372,222.60768127441406,225.91644127828022,221.92840280975588,13708502
20170124,222.84868535220502,225.1056671142578,225.43434312766897,222.84868535220502,9419288
20170125,226.13557227136934,222.91445922851562,226.2889544275069,222.6624596303907,23856654
20170127,223.5608478179369,224.62359619140625,225.4562713535853,223.2869365105033,21861796
20170130,224.59074158438614,228.94033813476562,229.30189640075304,224.55787398087153,15678126
20170131,229.38954288440448,229.02798461914062,230.91245239284694,227.9542803184922,15125194
20170201,229.22521625325848,230.0030975341797,230.2770088705191,226.8367638140373,11312284
20170202,230.079778416935,228.6554718017578,230.25507229179027,227.50507649336802,9099129
20170203,229.20330396279314,226.49713134765625,230.1784054991747,225.71923544128683,13219481
20170206,227.23116664395107,228.25009155273438,228.9622375512274,226.1465065316754,9991907
20170207,228.32679175432503,225.89451599121094,228.40348282813298,225.0837671550574,9905562
20170208,225.89450598478214,224.63455200195312,227.5050769727125,223.94431774093013,16230826
20170209,225.2590747507581,226.29991149902344,226.57382283519578,224.99613391026708,9861688
20170210,226.7929119266927,225.73016357421875,226.91342646355918,224.7221945566841,12518554
20170213,226.35466295953427,225.6644287109375,226.57379492694608,223.94431370928484,8565757
20170214,226.79291008225553,230.0359344482422,230.71522745061657,225.67538240393077,18244623
20170215,230.71522638991155,230.3646240234375,231.7231953946146,229.03892025280555,15236663
20170216,230.63855178428076,233.91444396972656,234.3417374346383,230.63855178428076,19655195
20170217,233.69531943872084,235.66741943359375,236.2590655221144,231.93136629510505,14847356
20170220,234.58277461980435,235.64552307128906,236.40150721853405,233.69533468378376,11650581
20170221,235.60168880830594,238.45030212402344,239.05288946422192,235.13057187818862,14186476
20170222,239.5020836623709,264.59173583984375,265.50108742847794,239.28295169497082,127323130
20170223,265.9283867599504,259.1684265136719,267.76903096665285,258.42339828626336,62249698
20170227,260.86659846530864,271.4721984863281,275.3944862530825,260.8337454948441,83422197
20170228,269.96027633993856,271.2859802246094,273.4662710516185,269.1933363399269,36111716
20170301,271.7351122397589,270.5080261230469,272.6773458706341,269.5219690328122,24385665
20170302,271.2530689376841,271.0010986328125,274.93435713968313,268.8756019997644,18063590
20170303,272.052902055084,275.7779846191406,282.18735700396303,272.052902055084,84305639
20170306,278.06782449397457,286.032958984375,287.4901331355521,277.24611986522,66724743
20170307,288.9911312073668,285.9453125,290.77698136192043,284.01702145098284,42071555
20170308,286.5478967848004,282.932373046875,286.5478967848004,281.8148454002689,43336972
20170309,282.66951183648223,281.95733642578125,284.4224802387421,280.80695548283865,31094457
20170310,282.724250635049,280.83978271484375,283.98421941385106,276.3587007836864,24785585
20170314,288.9692795139985,282.5599060058594,289.02407348622324,281.62864251529345,27765035
20170315,282.8994937926333,285.9453125,288.43236737819194,282.75708215282054,24107889
20170316,287.0519059208385,284.3457336425781,287.1395528565999,283.4582645360172,15924023
20170317,286.61365450567615,285.0140686035156,289.2321799625434,284.433393001409,22727289
20170320,286.1754377491358,280.6535339355469,286.2302317171409,280.1166817695777,12869337
20170321,280.96031298332053,276.9284362792969,281.33281251947153,275.9423788407116,22596181
20170322,274.34273665370296,276.0299987792969,277.3885556210907,273.1485324538092,20291685
20170323,276.78592635286395,279.0100402832031,279.94130351873423,275.6574575297126,11807911
20170324,279.18542826199024,281.95733642578125,283.1077466233825,277.9473711070089,16282523
20170327,278.527971515153,274.1455078125,280.20429225842906,273.29092095445947,32452615
20170328,275.65749676752216,272.9732360839844,276.9722301267818,272.1734138717025,21707345
20170329,274.2769890890697,275.3616638183594,276.0957215443711,270.2560834557331,18924345
20170330,275.0001238069155,278.4294128417969,279.3278232618648,274.56188909207935,27862325
20170331,277.4104746149594,289.44036865234375,293.11068679847307,277.4104746149594,45390562
20170403,294.0638600486101,301.2182312011719,302.5001114946149,292.97918535693117,44886623
20170405,305.721265165486,310.0599060058594,310.71728735471936,302.4125051940222,40323877
20170406,308.74509240623433,315.209228515625,317.4881070265356,307.2550654582227,50620850
20170407,311.4403803174322,308.21923828125,314.22322914804084,307.3317983939805,31875272
20170410,308.96430560354895,302.6864318847656,312.2292422677198,301.7989626305786,30768410
20170411,304.1107012684822,300.71429443359375,306.8716677610684,300.22126574758386,32249647
20170412,303.00411485688545,296.693359375,303.8039371010874,296.0688602730623,27448279
20170413,296.69332055125864,299.05987548828125,300.9443137881553,295.2361464191974,12713918
20170417,299.1037508797492,304.9872131347656,305.79797665427475,299.1037508797492,11837502
20170418,306.7621265491172,300.2431945800781,308.96430001861194,299.5419897353691,16016414
20170419,299.9801637975447,299.93634033203125,302.94930597735765,297.4711972602732,11572557
20170420,302.1714399938152,300.1007080078125,303.88058448922004,298.90647463069365,8393496
20170421,302.50013381105487,307.32086181640625,311.374649837,302.0728403483843,30230907
20170424,308.7561123063859,310.5858154296875,314.4423980489412,306.8168797559028,25512511
20170425,319.9204641856001,313.9602966308594,321.6186675605162,312.49218110489363,36764315
20170426,314.4423521427872,310.3775939941406,315.54890929511157,307.342745813705,16763153
20170427,310.4981750999944,308.854736328125,312.0649081656167,307.2551502845792,12571594
20170428,308.90948152106296,305.7212219238281,311.2212132740253,304.80089986745776,11848658
20170502,307.2112234278975,300.3197937011719,307.2112234278975,299.3885304831029,18591411
20170503,301.7112490049999,300.2212219238281,302.55486534292913,299.1036942992869,9500038
20170504,301.2949829727436,297.5589294433594,302.30295212389257,296.7043424503725,14365934
20170505,298.3586860887891,291.0509033203125,299.6186546877648,290.33875733120516,15598448
20170508,291.43439454646835,289.5499267578125,293.5160679573816,288.8816041883912,16066733
20170509,290.11960851003005,291.51104736328125,292.2341345137093,289.2978746843889,21106150
20170510,292.48615456914683,297.81085205078125,298.796909306984,291.57680300705687,22906024
20170511,298.90651403004057,297.9095153808594,300.1445710380613,296.1784296687702,13783848
20170512,298.01908211976763,295.9154968261719,298.88461037187903,294.51311638199337,7523427
20170515,297.21924842162235,294.5240173339844,297.21924842162235,292.2013149847593,6738085
20170516,294.9512705426239,297.1972961425781,301.71122981918825,293.84468422749694,12655992
20170517,296.47421253380577,296.4961242675781,299.31185519395035,295.3238026287817,9844573
20170518,293.6804310314026,290.8537292480469,295.8168692303665,290.1415831817256,9790379
20170519,292.0917627711307,288.99114990234375,292.68337961136086,287.05191748849916,12813204
20170522,290.6674367251093,290.1524963378906,292.22322838132334,288.1913522214276,8801430
20170523,290.49215913196133,286.0768127441406,291.4015400451478,285.29893149975817,9223001
20170524,286.5040979986178,284.356689453125,287.86268408183787,283.78698434148356,14326531
20170525,284.86066987160564,285.39752197265625,287.57778334996533,284.0827594460683,25922008
20170526,285.72621360957874,293.03399658203125,294.58975900892256,284.860685456852,21430443
20170529,292.9682443916944,297.32879638671875,299.20229348720756,292.66145086734554,24022633
20170530,297.109722593088,297.8656921386719,299.03801393737086,295.4881955634599,9658309
20170531,299.542015641474,293.779052734375,299.7501917901032,292.70534826459004,16423338
20170601,292.0260193745756,291.0509033203125,293.6256052264595,289.90052264703195,9534069
20170602,292.5300227320339,290.28399658203125,293.34078624517196,288.5857931045776,11495005
20170605,290.612697841191,291.2919616699219,293.84475209840235,288.33381874517136,10835031
20170606,292.29989918659226,287.6654357910156,292.29989918659226,287.27102457827993,9591064
20170607,287.3148862567951,293.4065246582031,294.063906021507,286.83282804378626,11199223
20170608,293.62561728896316,291.806884765625,294.6774098288396,291.0070918068265,7903123
20170609,294.7431417132809,292.6833801269531,296.46325678192227,291.6534993337892,13836547
20170612,290.67841130699674,289.12261962890625,291.37961607434136,288.5857674996751,8432435
20170613,289.37462376231554,288.0050964355469,290.7770040644326,287.2710386818134,6025338
20170614,288.34472168536126,297.46026611328125,298.008059450785,288.34472168536126,52939271
20170615,298.0080820438874,303.256103515625,305.67742338758796,297.8108764274351,28290813
20170616,304.3846133818224,304.3188781738281,305.8527289483489,300.04594338092875,32710880
20170619,304.62566881555745,308.7999572753906,310.23521998933904,304.62566881555745,15236956
20170620,308.74519020573814,309.479248046875,311.6157156117652,308.4055436436626,10142474
20170621,308.4821960169735,311.59375,312.90848329087913,307.70428558022826,19992472
20170622,313.2262548937001,313.9274597167969,316.7212792589446,312.842784877381,22118609
20170623,314.66151382350904,314.6286315917969,315.9762472535587,313.4782508109989,31143289
20170627,313.78501362683903,314.9134826660156,316.1953631129135,312.2511335868611,32591540
20170628,315.5270294353656,306.4443664550781,315.5270294353656,305.79795563398994,15567803
20170629,306.7730159326235,305.17340087890625,308.96424779043963,304.6036958082925,12898245
20170630,305.0200305945174,302.39056396484375,305.10767753186303,301.3058892332133,7814271
20170703,304.1873382673583,302.62060546875,305.6116594281433,300.41843241024867,9195278
20170704,304.5818047113755,311.5827941894531,312.71129242237436,304.36268736167807,18816782
20170705,313.2262157216902,316.11865234375,317.1704448195307,312.0319823490559,27209010
20170706,317.44435762521533,316.0967712402344,317.7292394465279,315.09974337494833,13590313
20170707,316.1953471853673,326.74615478515625,328.19235855302117,315.5379951339073,35845310
20170710,327.6116504431779,327.1186218261719,328.88258945921126,326.29691721604513,3504540
20170711,328.90450077645824,327.44732666015625,329.64949969325704,325.8367704139251,20995547
20170712,328.5539150304726,331.11767578125,334.16349470048914,328.1375920668011,17104482
20170713,333.23083819268896,336.17938232421875,336.8199035117409,332.656574767268,23010262
20170714,335.71558405463156,338.7524719238281,339.2494198921704,334.7327163348912,20530867
20170717,339.47025104560674,342.72802734375,344.4618162375709,339.47025104560674,18749450
20170718,341.6347413617533,335.6934814453125,342.7390668490359,333.7277755907634,19640167
20170719,334.08112752274866,338.57574462890625,339.6911277437129,334.08112752274866,11790198
20170720,340.07767170765715,337.6813049316406,342.3415524384327,336.5327780092869,13626050
20170721,342.34153025566445,350.07183837890625,351.55162454929496,341.2261765195144,97142371
20170724,353.3848151348352,356.7530212402344,358.8843568144316,350.0718385746833,43429394
20170725,358.8402499128217,353.8597412109375,358.89547946806397,352.85478740836965,20063064
20170726,354.3124434895297,358.40948486328125,359.98867237737886,353.62775048089657,21954323
20170727,359.5690604090265,352.236328125,360.3420676547318,350.8117419699547,18409364
20170728,351.45218718896444,352.1589660644531,354.6989351402112,348.52572928509386,14331863
20170731,353.81551558707315,356.7419738769531,357.5370965308563,352.501359039085,16567422
20170801,358.4095503425228,354.17999267578125,358.4095503425228,351.5075074003494,12311920
20170802,355.5934612712648,359.8340759277344,361.26969023783977,355.1737992973622,20786240
20170803,359.3150554294544,364.4501647949219,367.7189990775582,357.1505761799538,19707381
20170804,367.2993580115906,358.2770080566406,367.2993580115906,356.7199062943362,18579866
20170807,360.36414834799587,356.9959716796875,360.36414834799587,356.1566771950295,9537088
20170808,357.36037577369507,353.947998046875,358.0340110539239,350.46936256235415,10961296
20170809,353.71610031538785,353.1197509765625,357.80211354381385,350.07183498277584,10436651
20170810,351.8497871785464,349.9282531738281,354.8535607450106,348.51472481375475,10188164
20170811,342.5513428482333,341.5132751464844,348.967464630518,338.58678761302866,16996281
20170814,344.77106775114976,347.4324951171875,349.96140694888464,344.77106775114976,13440617
20170816,347.2005902980852,345.8974914550781,348.0840566366835,342.3857120219696,13576650
20170817,346.53801022271176,346.1183776855469,352.86581883158635,344.80422103571016,15828719
20170818,345.433623300069,347.95147705078125,348.4815685961571,343.0372273607492,7935890
20170821,348.30494849574853,345.52203369140625,349.88413624643516,344.6054531285766,7573558
20170822,347.2005900892563,344.5612487792969,348.9454073569074,343.67778244122997,9533641
20170823,345.62142096255786,349.4202880859375,350.4141840834896,343.03727957403726,8320052
20170824,351.1761465212219,346.328125,351.8608100273209,345.5440601123143,12654347
20170828,348.7576852584667,345.9968566894531,349.39817696337917,344.8152156926778,12316426
20170829,344.9588046033179,338.39910888671875,346.2067034193985,337.92424682305705,15164812
20170830,341.80045646536746,345.4557800292969,346.4938479265289,340.4090137902571,10334911
20170831,347.86320246638684,352.17010498046875,352.82165446664675,347.6423432316171,25104625
20170901,353.35168936859463,355.6155700683594,357.0511844708178,353.1639737771299,15431918
20170904,356.80823608083756,356.3333740234375,361.36911157787165,352.46821979952165,21560532
20170905,360.010789032804,360.5850524902344,361.08200047729855,358.0340547891191,25216776
20170906,359.21566626029073,363.412109375,364.9802688061407,358.4205730709698,48745984
20170907,363.5446049515162,361.3800964355469,367.7410474955072,360.0107399751818,16205339
20170908,362.21948499011734,360.8501281738281,363.65512906760983,358.72982043179894,13248413
20170911,362.79368013282823,361.2917785644531,365.2452762826746,360.6954587109712,12690592
20170912,363.43419811577184,363.8759460449219,364.42809409734394,360.8942581002054,6500191
20170913,363.98637761859646,375.0296630859375,379.844512077877,363.1029112427437,29377106
20170914,378.03344263665167,372.7547302246094,380.5512967814506,371.93755109036556,11867640
20170915,371.9375258130909,371.84918212890625,376.7302886289489,368.7349787997664,28595395
20170918,375.4714130035311,373.5057067871094,375.9352468961599,372.4234670205956,5061995
20170919,374.8971112012486,370.43560791015625,374.91919712132307,369.7288584677731,7718697
20170920,378.1659306584799,374.2124328613281,385.4103191373645,373.3068806155662,24942703
20170921,374.14618824054907,371.650390625,376.2223238562813,369.39756763553936,12950541
20170922,371.0099134021045,361.0709533691406,371.0099134021045,359.21567689802566,12294087
20170925,360.01079996459333,362.9041442871094,365.73123084181907,355.68184118572685,14229631
20170926,362.97042040363135,362.2636413574219,365.33367321594966,358.77397694824083,10564143
20170927,364.69317622345005,353.0093688964844,364.7373480702568,351.3970670008224,18448855
20170928,353.2302129924847,347.39935302734375,354.66582731955157,344.6385244890655,29547622
20170929,349.7405165870434,344.94775390625,350.46938144823713,344.152631283785,16666208
20171003,351.17615867583663,352.65594482421875,355.085455033399,346.91342861879815,18345748
20171004,353.0314237795595,361.7114562988281,364.4059976915527,351.4412079471208,18907611
20171005,364.4281340566598,364.05267333984375,365.9521218228739,361.62316266836746,10631751
20171006,363.98637399818506,369.7509765625,370.7669584615433,363.3679386950757,12997688
20171009,370.6122957615288,366.9238586425781,370.9656999703981,365.75327538987113,8850408
20171010,367.07844804976196,372.4675598144531,374.27866417800624,367.07844804976196,14732024
20171011,373.39523973586347,371.1203308105469,379.1819281847069,369.2871403222968,15420644
20171012,371.98172841606475,385.5207824707031,387.3098011978053,371.98172841606475,18642942
20171013,388.41410788394387,387.1551513671875,393.4498160021214,385.7857947286666,21509701
20171016,388.28159398583864,387.3097839355469,394.0240811128242,380.4629417397284,32009221
20171017,387.83984082578587,386.2275390625,390.4902398782278,383.06913432627505,13898844
20171018,387.57478800046744,403.9630126953125,405.46488476630276,386.5146343364713,36671941
20171019,404.5372277273808,401.9310302734375,407.2317983458048,398.8830849459252,8014767
20171023,403.2562652237301,415.1167297363281,417.3033244832035,401.57767617174875,27455320
20171024,418.6284844323052,412.68719482421875,418.6284844323052,410.0147394376654,13857773
20171025,415.271357603654,415.1830139160156,417.83338351959236,410.58899472275726,10011782
20171026,415.22716692371387,418.4959716796875,423.08996117733466,411.2515832114826,16840049
20171027,419.6444831175931,410.74359130859375,422.60408508004355,408.9104008373966,11498547
20171030,412.5768180100447,416.33154296875,417.6788137947921,411.07494571889123,7823263
20171031,417.4137351173189,415.6026306152344,417.7671098544238,411.7816483214438,9504986
20171101,418.6505970383469,420.7709045410156,423.08998534320716,417.7671306643662,17571371
20171102,420.8813515665171,418.1426086425781,422.51576884908997,417.10454077046126,10277678
20171103,422.27274790714154,417.5683288574219,422.27274790714154,415.29342005487695,4798537
20171106,416.33148559755836,411.9141540527344,416.33148559755836,410.3681101274537,9757496
20171107,412.2896358299867,400.5174865722656,413.0184711931569,398.9051849180429,20447574
20171108,398.66229099481717,392.1688232421875,400.2083350873009,390.534435457974,17752793
20171109,395.23883909702386,397.77880859375,401.93107988691895,394.04616981942183,15007224
20171110,397.97754117206864,390.4239501953125,397.97754117206864,388.3699006809376,13923102
20171113,390.9319951349178,386.6251220703125,393.9799410630902,385.85208525463054,9088619
20171114,386.5146389856547,391.6828918457031,395.3492431294856,385.6311726738295,12481463
20171115,390.71107125346384,390.3576965332031,393.40561246987085,387.8177272697005,15272059
20171116,391.1528065457484,399.2585754394531,400.20829952837727,391.1528065457484,15160866
20171117,405.92880964243585,402.8146057128906,408.5570937280715,401.3127038177702,12219276
20171120,400.2966534382785,406.76800537109375,408.31407885291696,399.7665913214557,9231195
20171121,409.3962785586244,411.93621826171875,415.0725072752765,408.8220151675408,13082246
20171122,414.1007468415369,411.14117431640625,414.63083845723384,407.91651175260876,11058315
20171123,411.25163396432686,418.3193359375,419.60034899544877,409.3300996337965,16031638
20171124,419.6444808201569,420.13037109375,423.8409238591258,418.49598341354334,13987125
20171127,418.42970871229033,420.24078369140625,422.9574403908958,416.99406489672486,10237135
20171128,419.57819778447004,416.7069396972656,420.2407753903719,414.38785910218934,10153618
20171129,416.0443425643491,417.8775329589844,419.6444655914432,415.6688819120161,8038351
20171130,415.8676415301619,407.07720947265625,415.8676415301619,406.1716572654643,20637767
20171201,408.3582455026828,402.0194091796875,411.36201925477985,400.95925547231275,11114967
20171204,403.5212446543328,398.2646484375,403.65376016981486,396.3872863270865,10103208
20171205,398.02173370853905,403.609619140625,406.7238224538009,395.548051589629,18306627
20171206,401.975229561822,409.3300476074219,410.94234931494526,401.4451379747825,24078081
20171207,410.8319302245619,411.4945373535156,413.46024333177405,407.71772684673874,12095301
20171208,412.51054867691244,406.83428955078125,413.87990538815984,405.97293855501806,12224184
20171211,407.4747170941535,404.6918029785156,409.0428762386881,403.54330576107935,10792248
20171212,404.60354554997406,404.4489440917969,410.36814827100136,401.09179539545335,15782031
20171213,405.02319284293577,404.029296875,408.5791147133835,402.28445007886097,9147866
20171214,405.9508805871527,407.0552062988281,408.55707865130904,401.42311863078953,10983157
20171215,411.2516150345987,406.2821350097656,412.1129955038648,405.376582695266,24408414
20171218,402.8366490318806,406.83428955078125,411.98045703846,381.05930975366454,18581421
20171219,407.98280618301465,409.0208740234375,409.4846783940207,406.3925607951609,8891691
20171220,408.99875301130504,405.5753173828125,409.66133062672145,405.0673412109932,10443493
20171221,405.7077998277868,403.2782897949219,408.1373393478596,401.9751911036367,9071450
20171222,404.0292740300846,406.5692138671875,407.4526801762004,401.6659920701318,10658428
20171226,408.5349010562319,410.7214660644531,414.7412213683618,405.5752993771338,11596338
20171227,412.13505512018963,408.0490417480469,414.1228175160323,405.95082025895795,9520350
20171228,408.7116681702407,408.24786376953125,412.7535101824251,405.99504056308433,15511891
20171229,409.26383839462045,406.85638427734375,411.82586448880625,405.72997269437417,11089700
20180101,407.5852081610255,401.86480712890625,407.5852081610255,400.8709111867806,9453202
20180102,403.3004544888271,402.4832458496094,406.19379886702285,400.3850241876042,9499419
20180103,408.60119648615387,404.0955505371094,409.04294440475746,403.3225137949618,13507800
20180104,405.5753003845597,406.5250244140625,407.1876314889184,404.49306083752754,9008932
20180105,407.18769426834785,407.82818603515625,409.4405173881011,406.5030011683391,7441284
20180108,409.08710243343984,410.1693420410156,411.2515816485914,407.93860506339274,8827020
20180109,409.99261700940946,415.64678955078125,416.9498883406029,408.15945613038986,14294571
20180110,416.5523147002275,416.26519775390625,418.49593454204944,413.2393383964344,11727682
20180111,416.02229612049877,414.2333068847656,416.3977862956731,413.0185221551711,7849171
20180112,416.55238906773815,419.2027587890625,420.8813479031911,414.45416741868405,15071161
20180115,419.6444720789422,419.26898193359375,423.3991671219498,417.52416468209697,11120925
20180116,418.62847250038965,407.69561767578125,418.62847250038965,406.3925189007881,10825151
20180117,409.04294771583506,408.3803405761719,410.3681325079495,400.65003206654507,13204016
20180118,410.36813974974456,406.2600402832031,410.6331708154021,404.22807647207054,9381821
20180119,407.71768321325516,411.3840637207031,412.753420187635,407.3201366707548,9973533
20180122,418.7610151096373,429.1416931152344,430.3785342098395,415.2271791983068,45700733
20180123,430.6877354766296,434.3320007324219,437.73332086860324,430.6877354766296,22526810
20180124,433.6694316398229,426.8667907714844,433.6694316398229,425.23237357649236,14289485
20180125,427.55140552509636,426.66796875,429.3625098884614,422.3610670353615,13669901
20180129,426.8005113405526,426.049560546875,431.7037037022086,423.752565811496,9897064
20180130,426.623837213525,419.8211669921875,426.623837213525,419.20273170398895,9182956
20180131,419.6445118110791,424.6360778808594,426.0496064501861,415.9118728485194,12551686
20180201,425.4973977596609,416.92779541015625,429.6275532635155,413.72524854680154,16524809
20180202,413.0184523703565,399.4794006347656,416.9719498362159,397.99961456855874,28965593
20180205,394.9075357718175,398.50762939453125,403.0795625259468,389.51842355475804,19191099
20180206,387.39814223714365,394.0682678222656,396.6744951650226,384.74774304894396,24062503
20180207,398.68432087885566,395.0841979980469,399.9432477962636,393.1405780787602,15532284
20180208,396.6303536551397,399.5678405761719,402.26241181590365,394.17872758392383,13825894
20180209,392.69885906222356,396.6081848144531,398.4413456444961,391.37364490021434,11580639
20180212,398.88312679383546,404.4047546386719,405.5974238941796,398.4634647955566,11877059
20180214,407.71770126099653,412.4221496582031,416.33147544800437,406.8342349735693,22247829
20180215,414.18909986996863,413.3056335449219,417.76710752483655,409.9926274541938,13363743
20180216,415.0504503430303,406.966796875,416.37566457278876,405.5532389615524,9628162
20180219,406.8342203734586,409.484619140625,411.693270036326,403.54332994911994,8941900
20180220,410.368111374123,406.87841796875,410.61105650084346,405.862465620646,8458450
20180221,410.8098525795759,410.5227355957031,411.91417815860615,407.3422743896304,11917390
20180222,407.27598865425296,408.3140563964844,411.25157226062186,406.39252235425874,11196908
20180223,408.77786890060446,412.68719482421875,414.3436978557467,407.60728561303847,10610664
20180226,414.7854085885204,414.65289306640625,417.39163565172885,413.7252549243972,8435611
20180227,414.78541671116307,419.8653259277344,422.2064925053509,414.49829974095985,14021366
20180228,417.8554312227402,421.6543273925781,422.7807387941539,416.6406761416063,56650480
20180301,419.53403244723427,418.93768310546875,424.017592265509,417.8554435118435,8956590
20180305,416.5523579250889,408.2036437988281,419.71073312398624,407.0993182496366,12325694
20180306,410.36810239425415,402.3506774902344,413.5485633542669,399.81073770113363,16019726
20180307,401.64395843390224,393.03021240234375,401.64395843390224,392.27926151884566,15853546
20180308,396.5198315639016,402.61572265625,403.96302280572274,394.5983269581754,13283967
20180309,404.1396965875809,403.3445739746094,406.1054024562447,402.4390217608376,10638527
20180312,406.3925346228884,410.9423522949219,412.1792228445798,405.31029500734587,8315150
20180313,411.6491305986856,411.6270446777344,413.46023509110705,406.9888833291356,11148731
20180314,410.27976815072793,410.39019775390625,411.71538247925685,406.0391534398378,14724464
20180315,408.60121571667827,402.7703552246094,410.5669218033103,401.9752620106834,12711836
20180316,401.53348541636956,397.58001708984375,401.84271779804146,391.3957822773599,30814962
20180319,397.9996396217284,395.57012939453125,400.6058372127639,394.0240559865256,12630833
20180320,394.5982888645123,393.0522155761719,399.324793430199,391.8374605565947,15192983
20180321,395.2830158130466,396.1885681152344,398.5959926221546,394.5983522212361,14715126
20180322,395.7909938358825,401.15802001953125,402.8366089726244,395.6805642320225,22129723
20180323,393.4056125892194,394.86334228515625,397.5578835023807,392.74303498852964,23469999
20180326,394.8854783339088,398.0438537597656,399.4573823078872,394.24495708472136,13227705
20180327,400.73837759916535,397.46954345703125,402.30650742234764,396.23270243722345,15179544
20180328,395.7026736160722,389.9159851074219,395.7247595381538,388.72331582780373,19160609
20180402,394.46578098920827,394.4436950683594,397.9775603530314,391.59455230442575,12494499
20180403,393.5823801051813,397.3591613769531,398.30888554741597,391.0424105139204,13922126
20180404,399.6341044632255,395.3051452636719,402.7703942391487,394.0462180657961,14214534
20180405,399.8107581409622,401.18011474609375,401.97523739854904,399.103979173534,8527915
20180406,401.09174647097007,402.41693115234375,405.7299075993826,399.76656178959644,9664888
20180409,403.10165228472334,404.6256103515625,405.95082461261825,403.10165228472334,7813897
20180410,405.68576690463857,405.0894470214844,408.11530674208717,403.8084340815711,8455132
20180411,407.1876635429491,411.1853332519531,412.0245982623731,404.6476941287281,13140816
20180412,410.7436329877279,410.23565673828125,413.74740709827427,408.24786461384303,10822592
20180413,412.00255072573566,414.7192077636719,415.9781348838027,410.2356473677613,12616816
20180416,412.7755139320417,413.92401123046875,415.2271394522302,410.1472305434901,8934275
20180417,415.2271898371154,417.1045227050781,418.407651084965,413.4602570925726,9599816
20180418,417.5462973750717,414.34375,418.8493963511984,413.04062153665893,7360987
20180419,414.8295756841201,416.2431335449219,417.4358027175167,413.01847126152325,9802587
20180420,414.34370566235674,409.8822021484375,416.0443510802386,406.9226297362246,7326696
20180423,410.80980629473834,413.460205078125,417.1486420708678,410.1472287142982,7674482
20180424,413.3719204500571,428.5011901855469,430.996987890017,413.01851620279723,19921115
20180425,430.09142425772006,428.6999816894531,433.6915179925618,425.6299500807275,14079382
20180426,429.8043088875614,430.8423767089844,436.4302624121801,425.05568822053596,34096999
20180427,437.22539081014816,440.0966491699219,446.59008724744325,435.32594251849457,25518647
20180430,433.77983993558706,425.51947021484375,438.46217277878446,424.06174056576634,19406069
20180502,427.1538999351803,429.6717834472656,432.54301221606227,426.2925195096566,13381914
20180503,431.9687713909612,424.7685546875,431.9687713909612,423.7304869065152,8634812
20180504,425.3207259013143,421.38934326171875,426.1379345154058,419.64449642179534,8302649
20180507,423.5538109832315,428.92083740234375,429.91473336789875,422.44948540897167,7683268
20180508,431.79210889831376,427.1980895996094,433.779900890228,426.358795060568,10792648
20180509,426.668043334819,431.438720703125,434.7958694969725,425.0557119640028,9831044
20180510,432.89644272009383,433.4044189453125,434.9284065953954,430.35647313236007,8781584
20180511,433.44855655160154,436.982421875,437.88794463972954,431.902512588023,8774740
20180514,438.17508005448985,435.8117980957031,438.17508005448985,431.43866788109705,5642499
20180515,434.2436605785683,432.43255615234375,441.7309939178403,431.4165743385117,10501479
20180516,430.24602450349516,422.3611145019531,430.24602450349516,420.7267267971373,18840763
20180517,423.77462745332514,417.59039306640625,424.0617444069953,415.8897182894804,10353948
20180518,417.70083674344704,412.510498046875,421.1905006057685,411.693289510136,11440117
20180521,411.1411579111766,411.40618896484375,413.32772307835273,407.3201756052975,14491208
20180522,412.20129278122664,409.37420654296875,412.57675342343515,408.6011698512121,11310073
20180523,409.0429212216042,402.9691162109375,409.0429212216042,401.59973017681125,9991028
20180524,403.7421176445989,404.559326171875,406.8342349064793,402.0414723172509,11632489
20180525,404.6255728902216,406.7458801269531,407.89437742291534,403.9409093888494,17782410
20180528,408.5570056906639,406.5692138671875,409.48464384076686,405.5532320349043,11369679
20180529,407.0551624642299,405.2661437988281,409.9263913130622,403.91887306285525,17878384
20180530,404.11762126862374,404.6697692871094,407.80605849373967,400.473326397776,13105124
20180531,406.8341996525835,406.98883056640625,407.40846301007747,403.9850572448226,37080158
20180601,406.3925188271169,411.05279541015625,413.34979007787916,405.70782581594165,19174278
20180604,412.3117399143121,415.6026306152344,416.9940731297958,411.052812926165,12250151
20180605,416.463991061914,418.60638427734375,421.85310298050405,415.66886845432936,17436812
20180606,418.319299374377,421.5881042480469,422.29485374254074,416.397765211798,9164022
20180607,421.8089647797292,429.075439453125,431.12948915232346,421.6101914837833,14999572
20180608,426.8667947900904,434.8179626464844,435.7897432192137,424.3268252860924,14289325
20180611,436.03275332104255,434.0670471191406,441.7089832004918,432.4768016236098,15018718
20180612,434.39824122632257,440.4720458984375,441.7309727735924,433.02888475573377,16285583
20180613,441.73103207621193,442.8353576660156,444.3372593399646,437.0928704964789,12962502
20180614,440.6046069281636,445.2427978515625,446.9434432841325,436.1652187842908,11997529
20180615,444.3814214752195,448.00360107421875,452.1117004349542,441.39973360172974,24705890
20180618,445.6182572305983,448.5999450683594,450.7644243306372,444.82313457641976,12363932
20180619,447.87108648190514,439.9862060546875,448.26866255819596,438.9260228427197,13881382
20180620,439.9641257570585,450.234375,451.846706381027,439.456149519363,15735681
20180621,452.08963556112866,455.8443603515625,457.6333790563893,451.1399114022214,22988909
20180622,454.27615462354066,447.2526550292969,454.6295588363348,445.4636365066074,35370008
20180625,446.7667477845637,443.69671630859375,449.01957069756395,442.74699221982524,11369371
20180626,444.3813927967452,432.43255615234375,444.3813927967452,430.7981685744807,17649122
20180627,435.1231946488491,429.4979553222656,438.1915151045293,428.09718161759685,19595831
20180628,427.7858611664616,420.2040100097656,430.6763127931449,418.136229723001,18770484
20180629,422.04946136624187,432.4328308105469,433.78913734978505,422.00499424589475,17425606
20180702,432.38833426741104,427.1632995605469,432.38833426741104,425.5624536526587,14570004
20180703,429.1199301915295,431.92144775390625,435.1009358294562,427.0521497802258,11084063
20180704,432.1437440750099,440.2814636230469,441.12636849532396,431.78800715376593,10938521
20180705,443.34981193687685,428.8975830078125,448.4192118099807,426.2739636774319,40946479
20180706,429.00877509721016,434.70074462890625,437.1242620655491,428.8976072959262,20039239
20180709,438.9474867032681,443.3943176269531,444.68389384532946,437.3466109475184,11309207
20180710,445.90671311160025,456.1122131347656,457.35732207415697,444.6838377303352,22846197
20180711,455.8009512965808,461.9375915527344,462.871430694699,452.62146337592776,18953870
20180712,464.40560826922024,481.3035888671875,488.7075721588302,463.6274039826492,52736376
20180713,480.4809025934431,489.06329345703125,493.15438686680193,480.258537329094,39301408
20180716,489.0633546727231,478.5688171386719,493.1099814730018,477.16804344052815,14427529
20180717,479.5026190457951,485.75042724609375,487.35127318235175,475.63386103299104,14150770
20180718,488.4407718955738,485.8393859863281,491.19782241037757,479.0579423423618,10241565
20180719,486.17282925633236,491.3089294433594,495.822460338135,483.0822757211457,11885426
20180720,495.11101288806327,501.8924560546875,506.2725561540274,494.4439764454092,17538801
20180723,502.40381631461236,498.1793212890625,502.40381631461236,494.97762936510736,12779803
20180724,498.9353103502395,494.02154541015625,501.0475281307351,492.4429033591059,9775749
20180725,493.59907475330965,495.8891906738281,499.37997813581995,491.0199225689629,13014255
20180726,493.64361441149447,493.88818359375,498.7130446587622,492.6208408740973,14053674
20180727,497.8235911429957,502.42608642578125,505.78344299583443,494.5551688118055,14610585
20180730,502.4927725156618,512.009033203125,514.6326526970478,501.60343010031596,30344461
20180731,511.8311132473274,527.39501953125,529.351632016895,510.11909958563047,30350826
20180801,529.351672516729,530.2188110351562,534.910240584873,527.1282571632015,21227054
20180802,529.840851084874,519.54638671875,529.840851084874,518.4791758845154,13668930
20180803,522.5035280351705,523.3706665039062,526.2833517301588,520.0799810975606,14536058
20180806,523.2594472476418,530.3299560546875,531.8418379748372,522.6591708754345,8785462
20180807,531.3527661969772,526.5946655273438,534.2432477903697,523.3929140879111,8879612
20180808,526.9504127623593,541.4915771484375,543.6260583601007,526.9504127623593,17307566
20180809,543.1814569468676,541.6028442382812,547.7172226834598,538.9569611023819,14976885
20180810,538.5122253264666,535.4883422851562,540.2909695798277,534.6434669649205,7833494
20180813,532.5311008278853,528.1510009765625,533.5983709494287,525.9275858727119,10211072
20180814,529.1738266928132,538.3343505859375,541.2692399802731,526.6391413928889,11592139
20180816,535.0658517360988,533.976318359375,540.7355573527685,531.6195018821965,13086024
20180817,537.6228226346489,535.2882690429688,540.4688371828257,533.6429261586562,8379864
20180820,537.1335984386398,549.1400756835938,549.9849508674034,537.022400966974,16639535
20180821,550.1851734905159,554.6097412109375,556.5218868378826,545.6271450345823,15923396
20180823,554.2095025896118,564.5039672851562,566.5272509074617,550.6965407791934,17429373
20180824,562.6363084475881,568.0836791992188,569.1731533495449,560.3239587837522,14550512
20180827,568.9285652803909,574.3092651367188,576.2436146238632,568.639558672343,12188510
20180828,576.3102909797232,586.5380249023438,588.3167689804493,575.8656198023589,19018790
20180829,585.3373565772522,575.5098266601562,590.984858666815,573.731141940907,24230135
20180830,575.2430167338491,566.7273559570312,576.8216884553461,564.9486118914537,21545859
20180831,564.748477898974,552.1417236328125,564.748477898974,549.8960451590323,33479841
20180903,553.6314372432969,546.5831909179688,559.3678738414986,545.2046508263741,26686176
20180904,549.251263656787,552.275146484375,557.9893196942645,546.5165061555106,19333815
20180905,552.5195945671645,545.6270141601562,557.033154818187,537.4003610359101,22584608
20180906,547.0278341212693,560.9241943359375,562.8363397708051,544.8933530973064,24487897
20180907,562.4805808966339,568.57275390625,569.795629282917,557.855882086477,23389269
20180910,566.9719605836941,558.456298828125,567.8613624030306,555.8993502294329,15440786
20180911,559.8570479349355,550.38525390625,564.0370762282482,548.8511084806238,23787332
20180912,556.6552235458823,556.966552734375,559.7235733645063,546.4497530077666,17642490
20180914,560.0348380467377,557.2555541992188,567.2386890601483,554.8098034113691,17233514
20180917,556.1884067782064,545.1380004882812,556.1884067782064,543.2258548830875,14773803
20180918,545.182436718355,541.2469482421875,551.1412088051937,540.0018689028976,16660044
20180919,544.2929810817415,538.4009399414062,544.2929810817415,534.0653071897559,24642640
20180921,542.0696557591392,541.4026489257812,550.2518437229493,526.2834117890841,41713856
20180924,540.0462918745893,547.8727416992188,551.3634993287706,535.6216654482612,22098277
20180925,549.4069144522583,547.2279663085938,553.6314093860151,531.3971974021459,21250513
20180926,550.9633146880527,556.4773559570312,557.6112971297255,545.6938128793007,13992341
20180927,558.0782685884523,557.5223999023438,561.6357569371647,550.2962850888881,23642923
20180928,560.2572142066184,559.3900756835938,565.5045124646996,554.6541789890709,24220992
20181001,559.2789711752496,547.7171630859375,559.2789711752496,535.399413912335,16039441
20181003,546.7388838825808,535.8885498046875,551.2301819824413,533.6429304390846,16135428
20181004,528.9514776332984,499.0464782714844,529.3516817175322,491.8203634047585,50774608
20181005,488.9298941335185,466.4066467285156,495.95587659737083,461.648516874642,47998260
20181008,466.9180941850017,493.3323059082031,496.71189612404964,456.04555667950297,53983473
20181009,498.77968796508736,484.7276916503906,499.51342515544076,480.79223265348634,24042005
20181010,486.43963737445586,490.0860595703125,496.2004660366487,482.1706755637221,20784941
20181011,473.14367076089087,483.7271423339844,495.7113578938818,463.80530825210366,28926389
20181012,491.3534530919685,500.9586181640625,502.0480922876127,489.99717624860824,19814528
20181015,502.4483009152021,506.8284606933594,510.0079488528521,497.22329553432496,19406012
20181016,509.6076271797304,517.5230102539062,519.1238262178748,506.9394818358394,16358598
20181017,524.2822240731865,511.9644775390625,524.4378292846341,506.9395156554586,27967162
20181019,489.1522436351969,489.7303161621094,494.04377497684607,475.9228902961787,55606079
20181022,493.59911030596476,472.5433349609375,495.73359146893216,470.18651819439566,28798142
20181023,468.1409486618189,469.0080871582031,473.45491775221717,464.0943221349092,23128845
20181024,477.9906578094135,465.02813720703125,478.4575922144924,458.6469279174306,29869514
20181025,460.69250621023355,458.380126953125,462.7602866268105,451.97668366649805,30833933
20181026,459.3139440027393,464.650146484375,470.03084576750143,454.4669094942622,20085933
20181029,465.1393515578372,483.7271423339844,486.41746250580826,465.1393515578372,16781215
20181030,482.70433807824037,470.0308532714844,482.70433807824037,467.8518754425523,19263668
20181031,470.9201755381668,471.92071533203125,473.96626203573976,465.58397319899746,35999348
20181101,474.8779252398085,469.6973571777344,474.8779252398085,466.9181027230076,20552752
20181102,474.4776703553768,477.99066162109375,480.70324478770397,472.7656269969736,36739798
20181105,477.34588920002255,484.83880615234375,485.90604663719756,473.58829910252797,16585905
20181106,486.4841062614549,490.9754333496094,494.48842452789165,485.4168658048848,18886485
20181107,495.82248475692427,493.91033935546875,495.82248475692427,492.1316249894632,2808599
20181109,491.9315321822815,486.23956298828125,495.28888863484895,482.482002474835,23712291
20181112,488.12949307154554,480.2585754394531,488.61863138641775,477.8350580562082,12690610
20181113,477.59047617865275,488.9076843261719,490.4862967119038,475.8339656351982,14899604
20181114,491.397916165827,488.24066162109375,494.7775063085712,482.70435680899146,17034346
20181115,487.7959624783827,487.7514953613281,490.4862824288341,483.1490003245572,14943663
20181116,488.2406564074806,501.33660888671875,502.47055010879194,487.862685894898,24131016
20181119,503.78235976463816,511.386474609375,512.1424156344762,502.9374845012898,15987574
20181120,509.1630978297449,505.7834777832031,514.0101329184532,502.4927919816411,12511640
20181121,505.82790977537366,494.888671875,509.38539806480344,492.28728602135544,16422494
20181122,495.6001846268527,490.41961669921875,500.42501559270096,489.1967412087544,12670591
20181126,493.15441165226196,493.4879150390625,496.93420575564187,487.99607751479056,13969873
20181127,492.665259836989,501.6923522949219,502.4927604495133,491.5757857200251,14896607
20181128,503.58222551007844,512.5648803710938,514.832762803635,500.8474680134141,17507771
20181129,516.2779456717894,519.6130981445312,524.6824681597061,515.833274507063,27640198
20181130,521.3028917197313,519.190673828125,527.3950652866846,516.8560609671007,23443212
20181203,522.4590910850749,514.2546997070312,522.4590910850749,510.71941526791136,12182825
20181204,514.9439873290972,512.4093017578125,514.9439873290972,507.9180032579469,11358720
20181205,508.6072042536634,513.6765747070312,515.299713651556,506.6283283466079,12729759
20181206,510.9417181505975,499.6690368652344,510.9417181505975,497.2677235013036,12831451
20181207,502.2481460146356,504.1824951171875,505.5832388629861,492.8652883151784,15779984
20181210,493.59914482053625,484.816650390625,495.51129051363466,481.63716198420786,20521072
20181211,474.0329833745023,488.0627746582031,490.08608789212525,469.1414816662142,29518062
20181212,488.7075441891058,493.8214111328125,495.1554840289615,483.7048747236817,27572962
20181213,501.6033901811685,492.2872619628906,501.6033901811685,486.9510594738557,20337275
20181214,490.5307660526879,494.577392578125,495.7780344633259,485.50583323480475,15795834
20181217,496.24499148080645,502.44830322265625,503.826843329135,494.2661452465646,11077711
20181218,499.51337467331854,505.3387451171875,506.494890161356,498.26823602633556,12841994
20181219,507.60667667186027,505.51666259765625,510.1858290814059,503.9157868587939,16118419
20181220,498.49060945378,501.8035583496094,503.60450641252686,496.33392442719014,12609700
20181221,500.2693536549157,489.2412109375,503.0486377366628,487.37353250951514,18115814
20181224,489.5524579275047,484.3274230957031,490.57523133467276,483.1712483333816,9065704
20181226,482.8377764410723,488.4185485839844,489.152285769515,473.87738434318686,15771193
20181227,492.3539531107081,498.13482666015625,501.15870931046913,490.93097570261085,27294221
20181228,500.4916832889124,500.5139465332031,504.82737590371954,498.57953776326934,16768547
20181231,502.9152360598734,498.601806640625,504.2048419210655,496.356157690136,15799099
20190101,500.380511591524,498.4905700683594,501.29211717323517,493.64353558398005,9746670
20190102,495.6001863012743,491.9982604980469,501.1587544539115,489.5969469449025,15628818
20190103,492.48742341513827,485.9283447265625,495.64467817229274,484.7499362934948,16288287
20190104,487.99610191217863,488.55194091796875,491.13112295781303,480.74775348639315,18516544
20190107,492.2650356863747,491.2644958496094,497.3566691059738,489.59691956022573,12060290
20190108,491.4201643000039,491.2200622558594,493.57687903332504,487.3735375588875,12304389
20190109,494.4884553327521,493.9325866699219,496.7118706154236,488.5741504955051,12614237
20190110,492.5985029916517,492.4873352050781,494.04374358575177,490.48625567811047,8925160
20190111,492.53188514856754,488.28515625,495.2889357722093,484.08289447353985,14139060
20190114,486.9288102781438,487.729248046875,489.3745610158149,483.10451958201276,8994060
20190115,491.3757164560614,502.3371887207031,503.3821957876693,491.3757164560614,22011407
20190116,504.7161306328441,505.11639404296875,509.16302031076884,502.6483800675471,13961606
20190117,508.9184799903657,504.4716491699219,510.45262534337485,502.49277323994625,16379077
20190118,510.8526913986551,526.6611938476562,529.1292074399208,504.82724973244274,56181172
20190121,530.9525868652364,550.38525390625,551.385793856642,528.573506735167,48206814
20190122,548.228598889696,549.2513427734375,554.4986416742612,542.336496986532,36207430
20190123,548.4284919909994,545.3157348632812,553.2755851789117,543.4035897283505,19313542
20190124,544.7377510626503,554.7208862304688,557.2778345730263,542.5588029080949,28775487
20190125,556.0549254924592,554.0760498046875,562.3916378569832,549.3624168361791,18703992
20190128,556.0771759770403,546.7610473632812,558.5007230218457,543.5815592935013,18744303
20190129,547.4058319436815,538.3565063476562,547.6948978925816,534.2209456710425,20405845
20190130,540.2909471494282,531.70849609375,544.7377779138919,529.6629491926045,17164298
20190131,534.5100404424111,545.69384765625,546.8277889012099,534.0653692421624,22279301
20190201,548.7398663456796,555.83251953125,558.0781978668495,545.649312834436,20187323
20190204,554.52081965213,574.04248046875,576.7328304815715,552.3196673642985,25528059
20190205,574.5315526145657,574.3314208984375,580.0456533746585,568.572780672687,20479210
20190206,576.4214587816766,582.6470336914062,585.9377193107048,575.5321163811374,20586783
20190207,582.6469369746206,573.8200073242188,587.5162342309205,571.9078621118152,20150710
20190208,571.3297709781081,568.1725463867188,578.3113456353781,565.7489995219256,14230054
20190211,567.3721156501077,557.2999877929688,567.4165827641457,556.2994480427927,16457901
20190212,556.5218574185877,558.7008056640625,565.7935190840021,556.5218574185877,13998153
20190214,551.8526713645188,544.3819580078125,551.8526713645188,541.6249373017182,14496604
20190215,546.8499357176113,553.3867797851562,555.810326626612,539.8461572542001,20994460
20190218,555.8548632656433,542.558837890625,556.9666006579668,540.290955353684,21106139
20190219,541.624965624784,540.7800903320312,551.2746276536953,538.6011420504902,13658461
20190220,544.2262812275901,548.8954467773438,551.4079276865402,542.0695372183914,13776558
20190221,549.6292229791139,554.4762573242188,559.3233510379694,546.6720707342224,23142949
20190222,553.4535964921212,548.0062255859375,553.764866348381,545.1824742654557,19152470
20190225,549.6292293862924,547.98388671875,552.7420462566317,542.8033192614208,17176522
20190226,537.8451850368259,542.6255493164062,549.0957236865192,536.2888356877302,22160532
20190227,546.0940216134371,544.0706787109375,553.5869387145924,537.6227685570489,24308835
20190228,548.6287111035471,547.4280395507812,551.3412646659417,545.4269598752707,24688859
20190301,550.0739489514001,545.2046508789062,552.453028929686,543.5149003151358,17329606
20190305,544.0262041170199,550.3629760742188,551.3190487732026,541.8917231342477,15577500
20190306,551.3190805032713,562.4361572265625,566.1270468840365,549.2290665171735,26332276
20190307,562.0803962714617,564.8596801757812,569.1063789616119,559.4789808376285,17738092
20190308,562.9919279466452,563.4588623046875,566.7272840737029,561.1909802351112,13211934
20190311,564.7707329778415,579.9122314453125,583.4251930254334,563.8591274031988,21258869
20190312,585.6041400637596,592.0298461914062,593.2082544635542,584.4257317916117,24561597
20190313,594.5423874268889,599.1226196289062,604.7700627353223,590.5846949191043,24577591
20190314,600.2120965053618,596.565673828125,605.6594672762811,594.1421266687281,22753310
20190315,598.0998318829954,587.7164916992188,604.2364728473176,583.0695290116515,34764353
20190318,591.874205781967,600.345458984375,603.8584800704158,590.9848634151969,22104063
20190319,604.7700026803525,612.1295776367188,613.6637228437745,597.2548818688533,21448030
20190320,612.685510064187,611.6405029296875,617.2212756064986,606.548868633807,21639437
20190322,610.3286275838059,596.6546020507812,614.0639844657932,594.4089827675687,25078643
20190325,591.696242172323,588.96142578125,594.4755256745848,585.5151356111558,17394088
20190326,591.5628549109531,607.9939575195312,609.9283065865801,591.4294535742133,20734876
20190327,612.7521657804966,599.98974609375,612.7521657804966,597.7663307190293,22079870
20190328,600.4343258912917,604.7699584960938,609.127913710536,597.1214368935898,22930248
20190401,609.2168953564346,618.9332275390625,625.5812099242753,605.9040061008697,22088854
20190402,621.6680009922289,617.9771118164062,623.9358831604546,613.7081501622587,17526740
20190403,619.3334225165113,611.5292358398438,623.8914503447172,610.106228754018,17169813
20190404,613.2191098091031,601.6795654296875,615.3091238561211,599.1003536850377,18320845
20190405,605.1925161296278,602.0574951171875,606.504325853729,597.2104603007144,14717266
20190408,602.9913484888758,591.0960083007812,603.6583552715974,588.6280535203862,19081843
20190409,590.9404937729192,593.4085083007812,596.187733339698,587.4274721074029,20774977
20190410,594.9648095724252,592.0521240234375,599.4339037627425,589.8731756730381,16651949
20190411,592.7413646626808,598.9002685546875,601.6572893551589,590.9848837435666,12558520
20190412,600.3231732314594,597.2548828125,603.3915230190657,594.3866647342375,12948769
20190415,598.0997389733817,595.9430541992188,599.8562790788998,593.6529087106474,9285737
20190416,598.0998156752927,597.5440063476562,604.7700619248043,595.8764002587887,17360317
20190418,611.4402728997795,616.3095703125,617.9993206473149,606.9934427550846,39286534
20190422,604.770013246378,598.2554321289062,607.8828302001219,596.4544248221322,23607922
20190423,599.4338101256589,606.4820556640625,610.5508857514487,598.5444678230537,19807450
20190424,609.3503203942593,617.8882446289062,620.2450612802776,607.5493130403371,16101112
20190425,617.7103647867747,610.2841186523438,628.07150005961,605.9262223781365,30469914
20190426,611.4403267472761,619.3556518554688,620.7564551251317,609.528181305051,15069884
20190430,620.9565274717629,619.3556518554688,620.9565274717629,607.7939043347865,22348580
20190502,618.9999337216068,624.8031005859375,628.7385297006279,614.5975701695064,18992003
20190503,626.0926548076853,626.4928588867188,630.3394131790576,623.7358380847257,14240262
20190506,621.6681447878402,615.8427734375,623.8026261086325,612.8188902679944,15832114
20190507,620.2449593405163,597.4326782226562,620.3338935629833,595.9652041833085,19417647
20190508,595.8763417992864,577.8444213867188,595.8763417992864,574.6204663806473,31958919
20190509,573.108520460313,558.7230224609375,573.108520460313,556.6330086290789,42670173
20190510,562.5251167243712,556.3662719726562,568.1726192629694,553.6314549463908,24557430
20190513,554.9209873160831,547.8727416992188,560.6573639690338,545.8493988853006,17603659
20190514,549.8515092101535,560.501708984375,564.4594006609302,547.628094257651,28438234
20190515,566.0825389036912,558.923095703125,568.3059540878594,556.1216080069211,24419559
20190516,560.2794414070868,562.6807250976562,565.5934103188847,559.4567700569194,14451308
20190517,563.414477718221,563.5923461914062,567.8390450416779,556.7441724991771,17276949
20190520,584.1367489505126,589.6063232421875,594.8536213108704,579.6453918934102,26979100
20190521,592.4078542813324,595.7874145507812,607.8828266181661,591.4517815790188,30343560
20190522,598.3888731238807,596.0542602539062,604.6366519509965,593.697443508096,24689918
20190523,610.1062655891104,593.163818359375,618.9999268330204,589.2061260447321,38766006
20190524,599.4338177592781,594.4755859375,602.012969838323,585.4262607343491,22269265
20190527,594.5868913041141,582.824951171875,594.7647597991761,581.2018714701064,16076686
20190528,586.8937267895313,588.6502075195312,593.5639721575324,584.0255088138755,42594251
20190529,587.427314438901,583.89208984375,592.8969475346283,579.9343979837645,15558515
20190530,585.3151206701258,591.318359375,596.7657294512053,585.3151206701258,23494381
20190531,594.9425676489825,591.4962768554688,596.7213117869429,587.071650070184,25724066
20190603,593.6528790576599,604.8589477539062,607.9939682757176,587.5162393531372,18556942
20190604,603.6361593855769,601.0570068359375,611.1068736602913,599.4783942563525,15442761
20190606,605.6149951879042,590.2511596679688,605.6149951879042,587.4718755616177,16764835
20190607,589.6286089339727,584.71484375,590.2066814942485,580.5792828507242,14722419
20190610,587.3828795103498,586.6046752929688,590.0954329656549,582.5803122261857,11768468
20190611,587.8054154783434,591.0515747070312,593.4306547533242,586.0934016212589,11492074
20190612,593.5195613436267,592.3856201171875,595.1649041263249,589.2061320343628,10297599
20190613,591.4295404898774,590.2066650390625,593.5195544412555,581.935543471113,15686169
20190614,587.8274764350404,585.8931274414062,589.206016231007,582.2689688778928,14942768
20190617,586.9826557986509,570.2180786132812,586.9826557986509,568.5282688866099,14908257
20190618,568.7061458574321,569.6400146484375,572.7305682182637,564.3482498157947,16797371
20190619,572.2636649065373,568.0169067382812,578.97837779512,561.4578584462031,14492763
20190620,569.1953483758955,576.643798828125,578.0890692931227,568.3060059684988,10748848
20190621,576.2880716765978,568.9730224609375,576.3103349214878,567.2165414920985,23236832
20190624,565.7045908119254,561.3689575195312,567.616736357961,559.012140769453,11267228
20190625,559.8124858702336,576.2435302734375,577.1996029387475,557.7446759514091,14966899
20190626,574.086805107405,575.487548828125,580.1345104815928,572.018995334044,11593027
20190627,575.0429225698807,566.5939331054688,576.7104690943013,565.1931299068178,24905533
20190628,567.9058042132716,557.2333984375,570.4627526979973,555.254522519952,18942165
20190701,559.4346159655151,564.2372436523438,565.9269944307913,554.2763106413568,13478857
20190702,566.5050975449429,568.5283813476562,569.6401188033373,561.7692004725765,10146746
20190703,570.484949272235,570.3292846679688,572.085824960274,566.9941913005933,8806492
20190704,569.8180368179243,570.9741821289062,574.0869997804111,569.1954376664265,9351405
20190705,571.4631858784575,561.7913208007812,573.8645289266176,560.3016427013837,10926753
20190708,559.4122396412811,556.766357421875,563.9035366947127,555.0543439239726,14009219
20190709,555.3879134410759,569.2398071289062,570.7517485679084,553.8537681265412,17535754
20190710,569.2175653620112,568.6839599609375,573.3531259576268,564.1703991885711,12018196
20190711,572.3081294799662,569.8845825195312,573.5532681405218,568.8840426899244,8608376
20190712,570.5294025820405,569.417724609375,578.089050270766,568.3281911431877,15692436
20190715,571.4187536167633,567.4611206054688,573.4198333665262,564.9041721766271,10659498
20190716,569.1730892227583,574.9761962890625,575.8211308626826,567.8834834886258,10070773
20190717,575.5543101387531,570.0180053710938,576.7549817270252,569.1953339807314,9482233
20190718,570.084720053663,561.1243286132812,572.0413326152861,559.4123148851044,11942908
20190719,563.9480184225731,555.4100952148438,566.0602359835875,552.6085483463659,16336536
20190722,556.299508951372,569.417724609375,571.1964093656397,545.7605049272529,29092589
20190723,571.4187839881948,566.3272094726562,575.3764765784953,560.4795751467659,20316348
20190724,566.3048093051237,559.9013671875,568.6616255669602,557.4333534633627,15189179
20190725,562.0804028036227,547.628173828125,564.3260813225814,545.6270941432515,21805071
20190726,547.6281187417748,539.7572021484375,552.5196199822482,538.0673924605115,20387504
20190729,541.135750521582,538.4898681640625,543.4036327227004,535.8884529209053,17626045
20190730,539.824026146295,525.127197265625,542.5143760427064,522.9260450730362,20853117
20190731,522.8371050851758,518.6126098632812,526.950402820518,516.9005366560214,21229950
20190801,517.3452186160949,524.8381958007812,528.3734210380151,511.54211079766753,22628222
20190802,525.9529875749496,529.8225708007812,536.0407802154169,519.8689802518164,23766807
20190805,522.0610382541031,511.4811706542969,522.0610382541031,504.61428752999774,30399133
20190806,507.6338780653551,504.7484436035156,514.2770904181949,501.930140047768,29067994
20190807,503.94330761494183,496.2935485839844,509.3339082477903,493.4752147377102,25349369
20190808,495.82381219461934,515.5073852539062,518.034888146451,489.98587119323537,31198568
20190809,519.7572133327016,519.8690185546875,525.8635582584843,515.4849637925847,21970009
20190813,551.6534122080756,570.2633056640625,582.8115291963719,548.4548395699373,104827144
20190814,583.3484312700429,576.3026123046875,583.5497045483337,572.7685043829358,31688983
20190816,577.6222954192474,571.7172241210938,577.8906996066623,569.4804628342943,21977767
20190819,573.0817265434819,578.2486572265625,580.1275465408661,572.6119892836517,16317602
20190820,576.9960435256826,570.8001708984375,578.2485964535656,569.3015509257864,14969299
20190821,570.6660360929664,568.5634765625,572.0081169703981,566.5727819905771,10677848
20190822,568.5634849082636,557.737548828125,568.5858220652894,554.2258371735678,14031953
20190823,554.2704931165212,570.7554321289062,574.4013453869694,548.6785598455581,21307915
20190826,578.874926990228,566.7069702148438,578.874926990228,563.2175958540626,19202504
20190827,574.8486994909782,570.30810546875,574.8486994909782,564.2017008121152,28401906
20190828,569.8159070773809,565.1410522460938,573.059213412365,561.8977459111096,11605488
20190829,562.076814692412,555.500732421875,563.7767677346285,552.6152975985758,18890222
20190830,557.1783066454112,558.542724609375,561.1597553095268,546.2181691725724,24735240
20190903,555.724365883025,539.686767578125,556.0599009833398,536.8236700987924,18730619
20190904,537.0697305786537,537.338134765625,539.1722897682706,530.5831168851553,32949395
20190905,539.865759157337,536.1974487304688,542.728797205738,533.8264850813998,22995486
20190906,538.1658445876508,546.8892211914062,549.7970532093376,534.6988669384035,23186819
20190909,546.0615364682053,546.7549438476562,551.5863388996204,542.7064242418458,11747929
20190911,546.8891780630742,552.2127075195312,554.7178732593286,546.8891780630742,12127900
20190912,552.4811260640912,541.453857421875,554.9191609506446,539.3736948324291,11880005
20190913,542.1918721031452,548.27587890625,549.5731656798886,539.9103770176062,12947715
20190916,531.9028303810459,541.6327514648438,545.3681328630463,530.6054836798681,20547730
20190917,541.7445926965229,535.6829223632812,541.7445926965229,533.9158982485218,15640772
20190918,539.03812210891,539.3736572265625,544.1155842826566,535.5711448848785,14933909
20190919,540.3354205777293,527.45166015625,541.1630300871835,524.5886221931479,13766222
20190920,531.4330945245753,561.1373291015625,568.0936803911683,525.3267496017127,48165560
20190923,569.9950411796075,554.3600463867188,573.0594124826849,552.4811569966915,21610844
20190924,556.328390918286,572.0304565429688,581.0222372021885,555.9481217276539,34958974
20190925,574.4013388291797,572.41064453125,579.32226155245,567.6239836297596,18192270
20190926,577.980269872532,580.1275634765625,581.0222442594841,574.1777570950776,18350457
20190927,578.203852549714,585.6075439453125,588.2693084591403,574.4013403478185,19058663
20190930,586.0324939218673,595.986083984375,597.5518347003888,584.0417400743631,25263770
20191001,598.1110797172258,583.7510375976562,600.3478410067997,578.561710792839,17920384
20191003,575.2961749383255,586.5023803710938,588.1352026826988,573.1936153473478,13524851
20191004,590.4613512863376,585.1825561523438,594.3533316552545,583.2813298639416,14992253
20191007,585.1825910935223,586.0773315429688,590.8639928687065,582.3195530503269,10061584
20191009,585.4510800476256,592.6310424804688,594.9573319134045,578.2039269700573,17588647
20191010,592.7428273528446,609.6304321289062,612.4263389969542,590.9534063442875,35006390
20191011,610.0553797608088,605.0897827148438,610.9053861013408,597.9097614777667,16597126
20191014,610.6145980694955,607.5054931640625,610.6145980694955,604.3069201919269,13394275
20191015,609.518572468822,610.2567138671875,612.8737443545717,605.8502623557373,9672791
20191016,612.8290351255885,613.925048828125,617.1906930560849,610.0554055497727,19403660
20191017,615.1105205456134,624.7285766601562,625.8469872240627,613.768439813928,16038940
20191018,628.0837788207052,633.6085815429688,638.7755119795819,625.7128152032572,28121951
20191022,637.4781217793438,632.6243896484375,642.7792539618401,627.7929349463449,27786502
20191023,633.586201337099,622.8944091796875,637.9031250769546,618.756421570499,18446160
20191024,626.7416786905978,642.600341796875,644.814766083547,620.2774614179121,22642488
20191025,644.6805588324969,640.2517700195312,644.8370980888827,631.3270614801404,13539957
20191027,644.635847926269,641.6162109375,646.4252690742446,639.7149248380822,3014841
20191029,646.6489747529108,656.2894287109375,662.082635948356,645.1279577348761,25768505
20191030,662.0825379232862,661.679931640625,664.1180259398081,653.2696948361131,16341366
20191031,663.8719882562208,655.0814819335938,666.3995507299683,653.8960001863959,19463741
20191101,650.8987716125406,651.7487182617188,653.9407456609271,644.6358276540866,13904301
20191104,655.7749371618147,652.0842895507812,658.0564327559093,646.470018638842,14063434
20191105,654.5223792352792,647.4541625976562,657.1393502221374,644.6358585848789,12685356
20191106,645.3963568103856,641.906982421875,647.0739130856232,639.0439442858003,14625505
20191107,641.9517463190575,652.50927734375,654.4775749097812,640.6991335974781,14084039
20191108,648.2146767187381,646.64892578125,652.9789409956463,644.7700366012668,12019353
20191111,643.7858393788213,638.7307739257812,646.0897317907238,636.3821474784538,11357841
20191113,639.7149647351628,658.6380004882812,660.2484855944018,639.7149647351628,25225749
20191114,660.2931312586918,654.36572265625,662.7982967967988,651.2566178185523,14258133
20191115,655.6630285485538,657.9892578125,665.1245445704241,654.5446180836726,15691605
20191118,658.7944641268749,652.777587890625,664.766606333952,651.0776350570546,14076051
20191119,656.2669306886194,675.3912963867188,677.6951885777207,655.372250065905,30176255
20191120,695.6564462284737,692.3460083007812,703.4180100751444,690.3553139483255,43538120
20191121,691.1604742985135,687.8500366210938,696.081337059536,683.8015173095262,14897371
20191122,689.8631248921964,691.8314819335938,702.12060743976,687.8500338208812,22352865
20191125,693.9118713704513,698.5643310546875,700.0182172403837,693.8447404468707,15146156
20191126,701.4943771827839,697.982666015625,705.1850244813896,696.0813800314871,35330983
20191127,697.8484938217292,702.2772827148438,704.8048452673582,696.1261438952308,9642739
20191128,703.5297846773857,706.9520874023438,708.67437747895,699.6378642088222,13747479
20191129,707.6901212611459,693.9116821289062,707.6901212611459,692.4353994629503,18559594
20191202,715.7649818734178,709.7257080078125,722.2291992065935,705.4758552570175,31225364
20191203,712.5216785466492,706.3258056640625,713.0808241214206,703.5075017351681,12990426
20191204,703.6864112318285,694.6051635742188,705.6995024548221,686.1277955034981,20987607
20191205,704.1337239176818,693.7775268554688,706.7060203182888,690.713156108009,19942460
20191206,694.7394087835282,695.58935546875,701.4496933682179,689.4158793168318,13085234
20191209,696.1485494736302,703.5075073242188,705.6548007454388,691.8315657510143,12642677
20191210,703.2614209575684,698.7431640625,703.9548283487694,695.2537899519466,10173333
20191211,695.9024851779124,698.9445190429688,704.3574567903268,693.6657236771422,12364641
20191212,702.4562010874308,701.5391235351562,704.0666860237436,696.3721933363692,10326606
20191213,706.8178876216022,708.115234375,711.2914703427954,703.4180412015133,12668303
20191216,712.186169215049,700.8234252929688,713.0361159104941,699.8168796069076,11892718
20191217,700.8904936892386,699.0787353515625,706.3705624637059,695.8801621597299,20324601
20191218,699.212892125798,704.9613647460938,706.8178569998239,698.7655517905632,14742077
20191219,703.9995895600298,720.2161254882812,722.4305498496976,703.1496428791409,20507816
20191220,722.4752563243196,715.3623657226562,723.6160040571339,714.0202849737523,21271510
20191223,697.9155779264252,702.970703125,705.7218761773056,696.886695107476,25107772
20191224,701.8523253630461,691.8092651367188,703.2614774131188,690.0421810600255,18048449
20191226,689.6619584729085,677.9189453125,694.7170240868594,675.570318790412,29761019
20191227,683.1082139531873,689.97509765625,691.6973879397483,680.5583141243674,17677571
20191230,691.5855488098815,690.8026733398438,692.3460274000547,683.5779176956529,17123749
