date,open,close,high,low,volumeP
20150101,1015.340424989112,1006.856201171875,1015.340424989112,1005.0564939218284,366830
20150102,1009.0124606180138,1020.2654418945312,1024.8141064563138,1008.8542848250408,925740
20150105,1020.8783447818251,1004.76025390625,1028.353936033753,998.5898541101449,1754242
20150106,1000.3494717624835,967.7177734375,1000.3494717624835,965.1071989449646,2423784
20150107,976.9740300289844,956.2874755859375,980.5931462100149,952.2332311293395,2636332
20150108,966.0570315361452,966.61083984375,968.6676076107377,957.4146283790911,1565408
20150109,971.0407871438384,993.7050170898438,996.7110324625485,969.0631073329548,3197642
20150112,995.5638840889903,992.6764526367188,999.914779092955,981.027939416654,1596006
20150113,996.7505994781945,988.0092163085938,1000.8641347542451,980.9687536130142,1468432
20150114,995.16849193318,997.5219116210938,1001.4179795185361,989.0376844510797,1787096
20150115,1001.8925509901103,1004.3053588867188,1021.1749283532243,998.0360755174876,5009920
20150116,1006.1243045599173,1001.5558471679688,1006.6385203668912,982.6295187818229,5293830
20150119,1003.0791332589731,993.1907348632812,1009.0121722963881,990.0264473766599,1135074
20150120,996.7505076967105,989.0177612304688,1000.7058668542371,982.2145627928002,2058566
20150121,997.5417154816796,994.29833984375,997.5417154816796,984.1923765056658,2310480
20150122,995.3659691621613,994.1991577148438,997.2447644546389,987.0597162901543,2113214
20150123,994.3774515721794,990.263916015625,1001.5168953090387,987.2973961720326,3150380
20150127,995.7131729798712,991.6309814453125,996.7634018764105,986.6768889906583,2738736
20150128,992.0076210546574,1006.5132446289062,1008.6137027352191,991.9679496052569,3121980
20150129,1005.8786833608273,1008.5142211914062,1018.04591207005,995.9308294669356,3734392
20150130,1014.875453941334,983.704345703125,1020.5429545554473,978.9285816512446,5817402
20150202,983.6845064017729,996.4462280273438,999.3196013840774,975.7777949306828,3181802
20150203,995.4355860955086,1013.9044799804688,1016.5796896901797,993.6323739951696,2345054
20150204,1017.7685360874755,996.4857788085938,1019.23492778833,991.6506049594747,2245418
20150205,998.7454515367832,1011.58642578125,1027.162118246434,998.3491239766495,4530168
20150206,1011.8240043953369,1020.8404541015625,1028.390511559142,1010.9719390610196,2136416
20150209,1015.1928284259404,995.9312744140625,1018.2049559433958,990.8186886843065,2076432
20150210,994.7816845768806,967.4945068359375,1001.2220042479461,964.2644775201396,3799054
20150211,973.0035904049469,974.9257202148438,985.765313171476,969.9122173721559,2937522
20150212,982.812680331643,975.8174438476562,982.812680331643,969.8131225975377,3107980
20150213,978.9289366864383,1006.1764526367188,1009.7434001793009,975.0647435153076,4158326
20150216,1014.5983056557827,1024.42724609375,1028.4697668659203,1012.6166683400488,2364392
20150218,1024.5263326643976,1044.5804443359375,1047.4934899072975,1016.6790295061276,2660014
20150219,1044.7192794917235,1062.5738525390625,1065.0508993891472,1044.32295199571,2618002
20150220,1069.6086571785727,1060.39404296875,1069.6086571785727,1047.1963181033982,1801588
20150223,1058.5905875689582,1068.75634765625,1078.8032869197693,1058.5905875689582,1614892
20150224,1067.7056683590502,1071.9661865234375,1081.973450118859,1061.760759292463,2199922
20150225,1074.0471110467104,1059.06591796875,1078.8030392137068,1057.3419520639775,1767994
20150226,1061.761300550997,1052.8240966796875,1067.210803306718,1040.498370320712,1991994
20150227,1054.0127020582675,1055.162109375,1060.4728569115082,1036.9112164135215,2877376
20150302,1062.0384903073352,1057.956298828125,1073.6310664940477,1051.2782403455667,2176038
20150303,1062.9500593465757,1100.204833984375,1105.7534174410687,1060.6315054126105,3424308
20150304,1104.9605667547683,1088.3148193359375,1114.512093858461,1076.286246485395,3862994
20150305,1089.9004781406109,1068.6771240234375,1098.104436933234,1062.5737200497024,2173514
20150309,1046.3042221993262,1048.999267578125,1062.0780703556165,1034.4144014925157,2883174
20150310,1049.8317225074522,1047.37451171875,1061.4639716350844,1028.5687939460292,3037052
20150311,1047.0973998890454,1033.047607421875,1054.211460146504,1029.5797413170192,2240200
20150312,1039.923717286398,1038.0015869140625,1040.3200447973513,1026.5279248238949,1827636
20150313,1045.511759516081,1023.4561767578125,1046.2845786520465,1020.5431314457575,1586838
20150316,1024.5855632406967,1015.5097045898438,1034.4145019985838,1011.427513065282,1556296
20150317,1023.5155763436735,1023.9911499023438,1033.106680688754,1013.7064725626451,1267318
20150318,1026.8644022448705,1014.3405151367188,1030.2331849630134,1011.3085526346216,1255170
20150319,1020.93945745065,1028.965087890625,1032.7698699141674,1017.8085094643374,2448964
20150320,1028.8661830326776,1034.791259765625,1037.5853879736324,1022.069205157563,1963908
20150323,1036.7926751932816,1037.2484130859375,1042.7375873216836,1032.8294004410138,1566608
20150324,1042.3407765147144,1027.0029296875,1045.1150675548677,1023.3567379580743,2394878
20150325,1027.0429928800445,1020.0478515625,1036.0000326311317,1008.7326826575429,2224858
20150326,1011.9427172781606,996.0103759765625,1025.180013047638,991.214775981483,3091642
20150327,1003.1048731673557,996.6843872070312,1019.3146287394949,992.4437024329654,2751776
20150330,1000.7266198554703,1016.2427978515625,1018.5216802532135,998.7449829844694,1339006
20150331,1018.3433919220118,1012.2003173828125,1018.3433919220118,999.1413492465666,2427028
20150401,1013.8057115264261,1007.7220458984375,1016.0251841570015,999.6370038692447,2075758
20150406,1013.8059322634134,1009.5652465820312,1015.747898668263,990.8586044785948,1568542
20150407,1015.5691452715798,1024.50634765625,1030.0549313572897,1008.2569239603482,1886922
20150408,1028.073491007724,1046.859375,1052.8439586977713,1026.8250981400013,1652134
20150409,1053.8349087414995,1056.0345458984375,1065.1104076873112,1044.3824583890926,2544450
20150410,1049.6731872644843,1051.75390625,1058.5113082120288,1041.5484750353273,1815544
20150413,1055.8161705216767,1052.4473876953125,1056.2124979130135,1041.5483844335458,1308642
20150415,1052.1303450570508,1041.4493408203125,1075.592908133654,1034.1766942184327,2913934
20150416,1041.1322149303428,1023.6343994140625,1041.1520506517113,1019.0964701630311,3217570
20150417,1013.4488823788827,980.8509521484375,1014.598193190757,978.9287254613945,9668742
20150420,982.9119411111808,962.6001586914062,984.4377437835199,961.0346845690285,2890722
20150421,962.5999449745614,961.9063720703125,971.7947206961094,951.5820246294285,2546032
20150422,963.66996783866,969.06005859375,980.117553142096,954.1779469973941,4186812
20150423,979.7213787405256,973.8755493164062,982.8127519574083,963.7493644196513,4342990
20150424,973.1028471349837,988.064208984375,996.3672500495273,970.0313092718636,3625158
20150427,990.6203562796102,990.8977661132812,998.7450681434757,985.2699362716986,2733052
20150428,994.7818253694891,988.8369140625,994.7818253694891,973.023488689759,3088298
20150429,984.4775612557581,985.7854614257812,988.8371639827361,971.4185888027855,2019620
20150430,982.8924099584643,976.4322509765625,986.855685805071,961.9267194337805,3738054
20150504,987.251622496453,983.50634765625,992.7209603511687,973.8557360869686,1890630
20150505,991.2149104528468,997.89306640625,1005.2646986081398,990.8185830196389,3255070
20150506,996.7635697996552,976.1743774414062,996.7635697996552,973.301003333634,3394406
20150507,976.907196575398,1008.7521362304688,1012.1209185339592,972.4683498333075,3205028
20150508,1014.5979449005836,1001.6182250976562,1025.6951099229336,997.2784602711929,3003664
20150511,1004.6898210552376,1013.0126953125,1015.8068224507878,1000.7265475993985,2573082
20150512,1014.5982570977293,999.8944702148438,1016.5798943186232,995.9708672213256,2467386
20150513,1009.4458591888754,996.921875,1009.4458591888754,983.0702521145258,1863774
20150514,998.7447259568496,990.5209350585938,998.7447259568496,984.8732714296711,1309050
20150515,996.7633869499994,995.2374877929688,1003.659444839763,991.214803483876,1461454
20150518,996.406718297742,998.9035034179688,1000.8257299409273,989.6691527462141,4507752
20150519,998.5073031792137,995.8519287109375,1002.7084127030857,989.5305254610392,1957722
20150520,998.7450663219803,1013.4290161132812,1018.5217652409362,997.516412655593,1897814
20150521,1013.4090662392542,1012.8145751953125,1022.5245955796934,1009.9015303761543,1579578
20150522,1010.6348197384332,1037.54541015625,1041.8456009362378,1006.3743004003202,2691632
20150525,1038.3781234230826,1030.847900390625,1045.0760199428291,1024.7840698599266,982978
20150526,1032.432962983759,1033.9588623046875,1039.6659386361405,1026.0520526084922,1961740
20150527,1033.6217438581398,1036.4951171875,1043.5893381520082,1027.2805061657587,1620690
20150528,1031.99695834775,1034.2164306640625,1039.5668509798184,1023.4165081748516,2763608
20150529,1037.1884543830786,1034.5330810546875,1049.7124346835906,1029.360990885155,4423532
20150601,1034.1963037424448,1037.48583984375,1049.1180853661988,1033.7604017470812,882264
20150602,1036.7926540891842,1030.4117431640625,1042.341238629417,1026.6863036766176,3935820
20150603,1032.0363761970689,1034.77099609375,1040.5970853025449,1026.6859571960474,1804684
20150604,1037.228210517604,1032.690185546875,1039.4872567647599,1025.8932110885844,4131468
20150605,1036.8306352139132,1030.3704833984375,1043.630836139313,1028.0303751928075,2308534
20150608,1036.030666173482,1031.010498046875,1036.030666173482,1024.6902914395484,1570320
20150609,1034.0302537484329,1024.68994140625,1036.0303122663217,1020.4298558267901,2578914
20150610,1026.4307601886173,1040.3311767578125,1044.0312876431378,1025.5507533477266,2763350
20150611,1042.2307997876956,1028.5504150390625,1045.230888445691,1022.7302235107237,1847336
20150612,1028.7905819048578,1002.349853515625,1035.610804433506,990.7495082424467,2571456
20150615,1002.1492245786526,1001.94921875,1008.2093621231887,992.4289217743159,2525176
20150616,1000.0298736961024,1004.8300170898438,1007.7501238528698,997.8097878446637,1267396
20150617,1008.4299928859494,1005.5499267578125,1011.6900507846123,1000.7497839911995,1975720
20150618,1006.0299720112303,1012.0501708984375,1018.5503645545737,1003.2298885901255,2165046
20150619,1014.0299671587271,1019.8501586914062,1022.0302035860149,1010.8699128336028,1999610
20150622,1018.8303294725545,1036.630859375,1040.030960592321,1018.8303294725545,1102002
20150623,1040.0307446867223,1029.8704833984375,1043.2308392857583,1026.910337298847,898318
20150624,1032.0304857099895,1028.150390625,1035.1905399940524,1023.5702748617186,1170246
20150625,1024.8300479664522,1020.0299072265625,1029.2301769780179,1017.689799552221,1930992
20150626,1020.1099726255067,1037.1505126953125,1038.5705739776497,1020.1099726255067,1290102
20150629,1028.8304653313521,1037.190673828125,1041.6308443712444,1017.3900875007915,1372756
20150630,1034.0306404170628,1020.4102172851562,1035.5306848664106,1016.0301070248896,1549952
20150701,1025.5902072829006,1037.2706298828125,1043.2307665945666,1022.7301619979518,1279708
20150702,1040.0305101196536,1031.1302490234375,1041.210525205082,1028.450189933029,1445880
20150703,1029.2507545461888,1041.591064453125,1044.0311763811305,1028.030698582186,963470
20150706,1032.1504491861267,1053.35107421875,1058.0311926658242,1032.1504491861267,1182338
20150707,1053.1313242453455,1046.5311279296875,1058.7914535372324,1041.2309702822654,1642836
20150708,1039.210531560275,1038.070556640625,1048.7108108529624,1032.230345885472,2667850
20150709,1038.0310807469107,1009.0302124023438,1039.3311196727016,1002.6899835005861,3934122
20150710,1023.6305642668952,989.7695922851562,1023.6305642668952,982.0293221083344,8263654
20150713,990.188967506667,1003.8494262695312,1007.4695518486433,990.188967506667,2280308
20150714,1004.4292967724405,999.8291625976562,1006.0293434419306,996.0290517576171,1703274
20150715,1000.4299691380164,1018.3305053710938,1020.0105361672793,1000.0299571551543,2003660
20150716,1017.5099044551126,1016.10986328125,1023.570141274591,1010.6697618868571,1456608
20150717,1018.7498912256564,1025.7900390625,1028.07018404571,1017.3498501737762,1070526
20150720,1027.834914680698,1033.9080810546875,1035.8122213997474,1022.9843285488182,853786
20150721,1032.6453677617314,1026.7926025390625,1042.4066315619148,1024.2671894457587,1274500
20150722,1026.6320996508607,1013.4234008789062,1029.8390722386025,1010.6172998646321,1320628
20150723,1009.1942195324068,997.6090698242188,1017.3519954694902,995.364149791049,1496780
20150724,1001.1765971908064,1004.2432250976562,1008.7931558881538,999.0119301823266,1574972
20150727,997.3687956208483,1000.9967041015625,1004.1836145619876,994.6227853116444,2003738
20150728,1001.9788561811179,1003.0010986328125,1009.7958546590262,999.032409914893,1891188
20150729,1006.5884697254911,1004.884765625,1008.2120190891773,995.5645020164305,2413318
20150730,1008.6128471224727,994.4219360351562,1008.9135007742925,991.2751532008574,2770574
20150731,998.1300699769008,1006.48828125,1009.7954716593647,996.9675815866773,1963776
20150803,1003.5416790367241,1006.0271606445312,1012.2005426282007,1002.5395002816466,1179324
20150804,1006.3481947081401,1005.7468872070312,1011.3992168650782,996.56696517106,2342692
20150805,1010.1962719514746,1021.0798950195312,1022.222418046135,1006.5884281230765,988994
20150806,1028.235369138284,1031.5626220703125,1035.4510559392545,1022.2624231006428,2211366
20150807,1031.4422436743516,1023.0440063476562,1031.4422436743516,1021.0195859458116,1188506
20150810,1031.0417828709935,1031.0819091796875,1037.8566002538887,1024.86839921293,1431182
20150811,1033.4471333163274,1043.949951171875,1046.2750263598193,1019.0558799557825,2200306
20150812,1043.508457366338,1071.0081787109375,1078.9053262989478,1043.0674596462507,3479784
20150813,1070.3275463719885,1056.53759765625,1075.939750734988,1024.6281679875667,1406426
20150814,1057.4991800715063,1083.635986328125,1090.110120772879,1057.138434813485,2293964
20150817,1078.3845700529637,1076.2398681640625,1081.0703898000256,1064.3139398363296,773644
20150818,1085.1190262014532,1098.7486572265625,1102.356500733209,1078.34433698658,1916926
20150819,1102.39676404724,1095.822509765625,1103.5392871139557,1091.1322343288175,1690070
20150820,1100.3924291103099,1077.081787109375,1100.3924291103099,1071.1288053124765,2349298
20150821,1087.1637663059196,1072.79248046875,1094.339328713198,1064.3542116840647,3536080
20150824,1057.8997851289748,1033.7071533203125,1060.3050138939516,1029.8789091645983,4692344
20150825,1037.4154971895543,1029.097412109375,1051.085256878572,1016.4098660624023,3925800
20150826,1025.449400936573,1032.9456787109375,1057.8999305785055,1006.9691849039057,3216158
20150827,1048.2393334214225,1032.104248046875,1048.2393334214225,1020.5391586178614,5264798
20150828,1045.8740232143693,1030.580810546875,1045.8740232143693,1025.309290190619,2744152
20150831,1038.2574569746253,1027.8548583984375,1038.2574569746253,1014.6260954331237,3692044
20150901,1024.6281897088381,1017.1719360351562,1046.7562906639457,1014.2055242423164,2987602
20150902,1026.1109867522016,1038.97900390625,1050.4639357830665,1021.4208087348801,3765950
20150903,1040.7028280952893,1044.5111083984375,1048.2792623928817,1032.745487472146,2265074
20150904,1046.8359109805945,1021.2001953125,1048.2389613847643,1017.8729419230917,2426396
20150907,1023.4254415823561,1018.1138916015625,1026.2114803003553,1015.2877265662703,1759184
20150908,1020.2184890604763,1018.3344116210938,1027.875177772369,1011.5997474043661,1787746
20150909,1027.4135543481193,1022.1220703125,1031.843203837386,1019.8170592705167,2045076
20150910,1019.0153719207385,1020.3782958984375,1033.647181942417,1013.0022993090898,2665818
20150911,1020.8198027775205,1023.0245971679688,1029.5988540209503,1018.4546988517583,1592672
20150914,1028.2357084943699,1022.884033203125,1028.2357084943699,1019.4165328269719,1589318
20150915,1022.8837164655343,1017.1112060546875,1025.7900348196172,1016.6101166832939,1379900
20150916,1024.2271122540428,1022.3630981445312,1028.2358289360548,1018.6349720564482,1756816
20150918,1028.2356171147721,1022.7236328125,1036.653920412788,1017.8129558886576,2455294
20150921,1022.2220708269545,1022.6430053710938,1025.0682969168547,1015.4874117277075,1108840
20150922,1025.2290398663818,1012.9223022460938,1031.201987109387,998.1702089021663,2081246
20150923,1015.9290140154454,1015.2675170898438,1025.3294343736304,1007.2301190253198,1228352
20150924,1016.4099615746258,1034.4090576171875,1038.2574641996769,1014.1650414233328,2354254
20150928,1039.8607595496715,1039.740478515625,1049.88254790308,1034.0481223046943,2366812
20150929,1035.591554691397,1037.5557861328125,1055.89565948955,1030.1797887828516,3325952
20150930,1059.7844215875011,1037.4759521484375,1059.7844215875011,1030.6210073973566,3368336
20151001,1041.8653563025778,1060.1451416015625,1062.2897460799093,1039.1394096711083,2834408
20151005,1063.3921956158574,1087.0235595703125,1110.4144592586351,1063.3921956158574,4807306
20151006,1092.3750610351562,1082.353271484375,1092.7759326171874,1075.939326171875,3979590
20151007,1079.9279289466906,1063.89306640625,1089.1680380594262,1061.086965461673,2065530
20151008,1070.3269591478345,1055.8154296875,1073.6742754897825,1050.28338313383,2357550
20151009,1062.5103126938648,1054.152099609375,1062.5504390066517,1045.473267498811,2249724
20151012,1064.314279721149,1039.2999267578125,1066.4589822949529,1037.0550062668974,2455912
20151013,1043.3885185874449,1041.684814453125,1047.0765173749896,1029.2778592134723,6179712
20151014,1021.4207762820774,995.6447143554688,1021.4207762820774,994.1615090971554,8337128
20151015,998.1701240929871,989.250732421875,1003.5818898260213,988.1483356984792,3215710
20151016,994.5222466619485,990.9545288085938,998.9719602714464,990.1527856623085,2333828
20151019,998.1706453454608,997.6695556640625,1000.1549409099825,984.48091439729,3130642
20151020,1000.6760610986372,1012.9026489257812,1014.2054820549032,1000.415533620443,2695084
20151021,1016.2093136753489,1014.2049560546875,1019.015414344275,1011.0982017426622,1929688
20151023,1023.6460810960872,1019.287109375,1023.6460810960872,1015.3299806659576,2335398
20151026,1024.0477247726574,1019.0460205078125,1024.0477247726574,1010.4286122323934,1414630
20151027,1016.4347766263188,1016.8566284179688,1022.4006299690537,1012.537870433796,1530420
20151028,1008.399719211803,1016.052978515625,1017.8407235505576,1008.399719211803,1255342
20151029,1017.8414573200762,1002.4948120117188,1018.5846270076232,1000.365543073226,3130316
20151030,1004.3624164521353,1002.4340209960938,1009.1431423215406,998.3362419534225,1516696
20151102,1004.3627521150578,1011.3330688476562,1013.5225600308071,999.3610452259848,1319294
20151103,1015.6113577202318,1021.8182983398438,1023.565928318831,1011.7947802287989,1364906
20151104,1022.4408076065346,1017.9412841796875,1023.3246268021601,1012.3971847420303,991434
20151105,1016.7362308161731,997.3921508789062,1018.4034332761989,996.3275658982545,1596098
20151106,1001.1485525673763,1006.6725463867188,1011.6943589497574,997.7136131578026,908024
20151109,1002.3536457844536,992.8524169921875,1005.4671691330826,991.7476183846094,2021556
20151110,993.4952841288984,987.5494384765625,995.1223710051723,984.2752559397143,1361920
20151113,979.474239656422,963.1432495117188,979.474239656422,958.7843758997072,2743232
20151116,960.1706601604999,953.9838256835938,960.1706601604999,946.511328593363,2043528
20151117,956.3542875067672,960.391845703125,963.565593015593,954.1446892789633,1985028
20151118,959.728557645534,944.6832275390625,959.728557645534,942.4937369822205,1520352
20151119,950.2675447408113,949.1426391601562,956.7959007830476,944.9042099285884,1866906
20151120,950.7298303037712,963.5254516601562,973.6494091084132,948.9018703839585,2012126
20151123,966.3168437161444,960.5919799804688,969.5709179376101,957.0566059167278,1088082
20151124,956.1727971577769,951.3116455078125,961.1543937903118,950.3273902960093,998640
20151126,955.3091324522221,942.312744140625,957.116984452972,939.2193281113472,2915292
20151127,943.297341140798,945.4467163085938,947.8973021700236,937.0702931051582,1737206
20151130,950.1268893756169,953.5618286132812,960.6726952302089,944.1609371163962,4100048
20151201,949.2830926017978,948.88134765625,955.369587376203,946.9329435197009,1721994
20151202,955.3494470243631,950.2070922851562,955.3896607504131,942.6944816832078,1640296
20151203,948.1178120928826,944.4016723632812,953.340494956106,942.895129229659,2283358
20151204,940.0831933016299,935.4229125976562,943.0159510852203,932.4902528963302,1246092
20151207,936.9496160617119,931.968017578125,941.6500126777571,930.1400583156991,1382604
20151208,931.8069675244221,935.6637573242188,943.6986543385959,930.9633621872559,1139964
20151209,939.2398554132775,951.1917724609375,953.2608186311744,932.0486571620601,5282806
20151210,951.7339852435473,957.9811401367188,960.6527053790563,944.9043196677177,1723988
20151211,957.3584245552262,958.5636596679688,960.9540230251181,949.4239600630038,1652378
20151214,938.1546841952721,955.5301513671875,958.9650899274502,936.306716478362,2718532
20151215,955.5304401352032,954.4859619140625,958.1618896792903,949.3436059504803,1135868
20151216,957.7595395185673,967.5620727539062,970.012755103851,957.7595395185673,1435934
20151217,970.2140996201823,980.1572875976562,982.2664486837871,961.5163602788547,1618844
20151218,972.222942369257,970.9373779296875,977.9277020014141,964.4491370475662,3024970
20151221,972.2022999328987,982.8284301757812,984.2747506749694,966.9395019520944,1610104
20151222,980.2574548894868,966.2164916992188,980.2574548894868,964.1876605470362,1560858
20151223,970.2143562293246,974.55322265625,978.2492577301887,968.4266102618411,849834
20151224,972.6245113175742,977.9476318359375,979.5345047513747,965.7948472562776,843160
20151228,975.4367282994451,989.3772583007812,990.863694983632,972.3030981060834,3704198
20151229,987.6297549019857,986.6052856445312,990.4218627384586,982.5677292076604,1708524
20151230,985.5006790475102,971.5400390625,987.8910423925155,969.1295688492609,1605762
20151231,970.5150275757118,978.9918823242188,983.672170141418,967.2006328835873,1240318
20160101,979.8558414415493,970.7763671875,979.8558414415493,969.109165033775,712262
20160104,968.2654703634953,951.9747924804688,969.8122275234749,950.5485784117774,1870184
20160105,958.1618208466444,943.6788940429688,958.8046520767681,940.4850409232682,2678020
20160106,944.180806098766,956.795654296875,958.6235150519966,944.180806098766,2653228
20160107,952.1358801520493,952.6380615234375,957.318352671856,948.1184291809436,3199580
20160108,958.1616684418522,963.2236938476562,967.1407069576387,953.1398567623876,1907544
20160111,957.1569467685924,949.0618286132812,957.7595639438928,943.6382740355788,2930228
20160112,949.2027836178845,934.880615234375,950.1268166289448,924.6562257670196,3482594
20160113,930.8431458310728,915.6571655273438,934.8605957483411,905.9751700760911,4746092
20160114,913.1659542327403,915.49609375,923.571105591414,903.925823591582,2742052
20160115,919.5339816090373,908.3855590820312,920.6788958840737,905.9348756179637,3269408
20160118,908.7473359070297,915.0346069335938,920.7594741027693,907.9438457780226,2213922
20160119,914.7732936158079,915.6973266601562,924.0134278947554,911.2781320050074,967910
20160120,913.4877857528527,916.018798828125,917.9873100631846,901.1140203377344,1615954
20160121,920.2071073510531,907.9242553710938,922.1803786692346,904.4004863604497,2675536
20160122,915.3740934122495,924.535888671875,927.0730208691904,910.1387818353207,1343178
20160125,927.0130740561638,928.1205444335938,941.9538955667284,922.8248617747577,1397560
20160127,927.053199555111,934.201416015625,938.3091038389059,918.9585601790916,1626986
20160128,932.4898112366269,938.8124389648438,945.9404994818634,929.4895937622224,3106660
20160129,949.8872735075141,963.015869140625,966.519482601165,940.3630687671603,2235744
20160201,962.9350559116898,967.6065063476562,971.7343487298173,950.0078223919847,1495274
20160202,970.1436581113101,965.7540893554688,979.808850222008,958.3440497456158,1475588
20160203,961.4853063351981,973.0835571289062,978.5604406152245,950.5314410431383,1308692
20160204,975.3389606041248,974.593994140625,982.6281678986938,967.3249423330585,1250046
20160205,969.781627450509,975.3591918945312,982.6080887784684,969.781627450509,1402996
20160208,966.5190461100798,951.598388671875,971.3717968179711,945.1750838418155,1063658
20160209,939.7790155166234,918.7571411132812,939.7790155166234,908.3671368130194,2489610
20160210,916.1798054020202,913.6829833984375,922.1802404041326,909.3739376039498,1890732
20160211,918.1932871351289,885.150390625,921.8177343211886,874.5589308507409,1962408
20160212,885.9761797881922,896.6884765625,903.4540341889632,871.4783877552945,2172568
20160215,906.1118730363256,913.8238525390625,929.0063390228157,902.0847091561642,2479712
20160216,912.5554092683884,912.3742065429688,918.9988719993215,903.2929315926723,1588702
20160217,912.1527500541002,916.4014282226562,918.0525066593433,904.6621848318383,1585178
20160218,920.2070787284299,932.6309204101562,934.2014752211271,917.3880636075988,1529140
20160219,929.2078600625197,934.1611938476562,937.1211991460946,928.442639799524,879012
20160222,934.4027345880623,932.65087890625,943.5645327614826,928.2613094388465,1324884
20160223,930.3755103741433,911.7498779296875,934.2616840861343,908.8301841951512,1306852
20160224,911.1253854989222,890.385498046875,911.1253854989222,886.4590145001282,1659328
20160225,893.9497989901612,891.1509399414062,897.2520534908297,880.1969762522266,1830556
20160226,897.9366018219491,890.2044677734375,908.8904665839589,885.8148990040639,1537536
20160229,900.8765009101999,876.6329956054688,900.8765009101999,851.7451047943999,2191718
20160301,883.157168865128,916.8443603515625,920.2473929865578,870.6729589997295,1999760
20160302,928.2611456241887,933.8388061523438,938.3290539281386,908.6287244314861,1527486
20160303,940.7453651703598,955.7062377929688,962.8947637509976,926.6502933463177,2648284
20160304,958.4649742013819,949.4240112304688,958.4649742013819,946.2022802247498,1512966
20160308,943.2021139889883,948.115234375,953.229712959778,927.9391035308412,1268152
20160309,942.7588993905521,949.3030395507812,954.1960034812795,924.2943169030016,2017784
20160310,948.8203942372363,945.6993408203125,950.3507368668488,932.2687038855018,1661666
20160311,942.356434680861,952.5250244140625,962.8346042238171,940.3428525554745,1530528
20160314,951.216170662072,948.3971557617188,965.7139615781748,942.356409546676,1636742
20160315,946.0012034156348,938.2891235351562,951.8204371117029,934.3425805348323,1623356
20160316,932.288482979295,937.1412353515625,939.134661903981,929.0264407521117,1918246
20160317,939.939692528449,947.208740234375,951.1352235257856,939.134260058416,2221088
20160318,950.4110088662943,976.929931640625,978.6011659089386,950.4110088662943,3204070
20160321,976.99019380549,985.1452026367188,988.6488163966151,974.5738948925332,2336982
20160322,983.4333674109446,995.9578857421875,1000.750171177804,981.2184273942532,1951984
20160323,1001.9179877499499,996.23974609375,1001.9179877499499,989.5949261866868,2278434
20160328,1003.1668908866864,996.0790405273438,1013.6978889722625,991.3069085688002,3320882
20160329,997.931112329804,994.4677124023438,1001.5354039876921,988.6686363073724,1838796
20160330,995.071693149813,1002.562255859375,1008.8043586775394,990.6821246893202,2136504
20160331,998.0517972343687,1014.9658813476562,1026.9265354495997,995.5750330689935,4363964
20160401,1008.8045548211581,988.2257080078125,1015.1876489169606,980.252002158184,3041400
20160404,989.0714656044512,995.212890625,1001.9583902377339,985.4470180513404,1752352
20160405,995.0319264817269,991.7900390625,1000.7101700180328,983.4538273555279,1491794
20160406,994.7096057865039,999.5018920898438,1002.3612181387077,990.4207150326511,1763150
20160407,998.7364033248894,995.0314331054688,1000.6291502318253,989.4739286166343,2390942
20160408,993.0985930380999,979.4263916015625,996.1994895000834,977.3926542187626,1399500
20160411,979.8088530235688,1009.4688720703125,1013.6370255077364,971.7545262416241,2400648
20160412,1005.9854633965017,1014.1001586914062,1016.8588050745263,1001.9986107756621,1303628
20160413,1018.8723828355471,1017.342041015625,1024.9131281883272,1011.8248465906372,1601468
20160418,987.862953226154,1014.7442626953125,1028.3359360224151,982.6276420186774,7121504
20160420,1020.8456714528563,986.7960815429688,1020.8456714528563,982.6279278491174,6405024
20160421,987.0576912909949,976.3453979492188,993.6621995508152,971.4322785540438,2525724
20160422,974.1708973734669,973.3856201171875,980.7754065024658,968.2106754437167,1964126
20160425,967.4456213429168,987.1585693359375,989.4943441052391,967.4456213429168,2267654
20160426,986.2524401804982,1002.6832885742188,1004.1733195549498,983.4334254474384,2554368
20160427,998.7366503374762,1011.2611694335938,1012.6706768030217,997.0854738055167,1848670
20160428,1007.31466141535,1017.9664916992188,1022.8997681400517,1006.0259884579601,4992744
20160429,1013.6374521106922,1021.0877075195312,1023.7053648253395,1010.818436550591,2372178
20160502,1018.4697854592596,1017.5435180664062,1018.872501863158,1006.7910097462036,1116692
20160503,1016.8588554001074,997.9714965820312,1018.8724372919888,995.5148873461645,2153118
20160504,996.2800977880239,997.9312744140625,1004.3948925260314,989.4742297156383,1364892
20160505,997.931341269213,994.8304443359375,1002.7437830775467,992.1121083579039,1246566
20160506,992.6962609537061,996.0790405273438,1000.4687097601578,979.003898733655,885598
20160509,996.0783865771568,1011.8447875976562,1014.0395716133997,989.2322099618162,1821276
20160510,1012.8314590869688,1016.0128784179688,1020.4629130412578,1005.1798496545026,1158534
20160511,1006.7911577333768,1014.160888671875,1017.1007385163463,1002.7639931024434,1598716
20160512,1015.0669612369131,1033.450927734375,1034.940958925982,1015.0669612369131,1513082
20160513,1032.9670220028434,1016.2139892578125,1033.3697381907587,1010.8779997679343,1621730
20160516,1022.0943327486169,1027.3900146484375,1032.8871530892839,1015.8522278795848,1111526
20160517,1032.6449818127242,1035.061279296875,1043.5384759676501,1027.7318632588301,1756698
20160518,1033.3100628714478,1027.3699951171875,1033.3100628714478,1017.2819281825031,1500740
20160519,1028.9401867153774,1029.7254638671875,1030.9537682940768,1017.3017245182601,1038792
20160520,1023.8260118947862,1018.5906982421875,1033.2898481129455,1015.9730414158882,1230918
20160523,1024.5107945837028,1003.3480224609375,1025.2759166197982,998.8174617537572,1533016
20160524,1000.3476841761908,993.7833862304688,1002.0592291269754,990.5214419041718,1339158
20160525,999.1397293082493,1017.4431762695312,1020.0608337626807,999.1397293082493,1548678
20160526,1018.8723005706705,1026.403076171875,1032.927060962239,1008.8447034224644,1943248
20160527,1028.1952486507532,1036.0482177734375,1038.9478542588918,1027.1684005748655,1104676
20160530,1040.2166591626728,1061.7216796875,1063.956775796746,1039.8139426860323,1349464
20160531,1063.1713197561976,1034.739501953125,1065.9903346191875,1031.75943985431,3722608
20160601,1035.464563486546,1060.573974609375,1065.1850585068853,1035.384039856787,1911942
20160602,1047.0623621489572,1067.258544921875,1068.9298765300266,1047.0623621489572,1408756
20160603,1067.7619384828345,1058.962646484375,1070.419905340789,1055.3180443737915,1554922
20160606,1066.2669966965086,1063.0118408203125,1073.7945446602123,1059.2277022463397,1322026
20160607,1063.6215350197965,1070.5997314453125,1073.7938909400316,1063.214640782987,1202194
20160608,1064.9445537634429,1063.2559814453125,1069.5424811516452,1060.1635437312639,938266
20160609,1067.0395728751753,1048.6683349609375,1067.0395728751753,1039.6962957756054,1562138
20160610,1044.0910779461753,1039.92041015625,1059.2478950363916,1038.8828095211088,1396832
20160613,1033.5120898974285,1036.3603515625,1038.9441715230369,1024.5604103786318,1029978
20160614,1041.222108266618,1031.416015625,1041.222108266618,1024.6615307742286,977570
20160615,1029.4422830902508,1040.367431640625,1043.6428503425739,1026.187129625934,1270844
20160616,1035.7699825291566,1040.9578857421875,1043.561969972166,1023.9293166365779,1145070
20160617,1041.2428829999296,1058.9835205078125,1061.9944996599515,1041.2428829999296,1878988
20160620,1058.9834281758756,1082.0543212890625,1085.5942827780564,1054.5889486925412,1872838
20160621,1083.7632438832468,1078.7584228515625,1084.3735854885874,1074.7708378287793,1027690
20160622,1078.270257225104,1085.451904296875,1089.541213253489,1070.844433755535,1761712
20160623,1080.3042976260858,1076.3778076171875,1082.1353218593504,1068.2195575544242,1397014
20160624,1043.7453584345806,1047.3260498046875,1055.1587687157764,1022.9937395013061,3766586
20160627,1036.3597216355822,1015.547119140625,1036.3597216355822,1010.1760352224476,4272566
20160628,1015.5474348998263,1002.5674438476562,1018.4159609678215,1000.3091600443686,4499524
20160629,1007.0634594949336,1018.415771484375,1022.3219967600083,1003.1166043902546,2531264
20160630,1026.1873453860571,1038.841796875,1042.8292812356533,1017.3781242068341,5121812
20160701,1042.4633997013907,1017.5818481445312,1043.5213648232836,1014.9370346792467,2197296
20160704,1023.7466020532205,1014.8762817382812,1027.7545527708191,1009.9121885119607,1883484
20160705,1014.8752851851061,1011.2539672851562,1016.0349731525175,1007.9377206331009,1559748
20160707,1012.2312672177843,988.672119140625,1013.9199387286068,986.7190059825405,3316800
20160708,990.7878683564345,987.3699951171875,993.6564937569383,977.9706947000782,2456356
20160711,988.7535801480567,1002.6489868164062,1005.7617891724074,987.5328967157751,1543632
20160712,1005.7208413246992,1002.9743041992188,1007.0636126761575,991.1337370841512,1465536
20160713,1008.284139634213,1014.4282836914062,1016.9306440600512,997.399716415805,2102300
20160714,1011.5391420778643,1026.1466064453125,1029.0355954605466,1005.4357281071613,2699988
20160715,1024.1528348605661,994.9989013671875,1028.5473126611053,987.3492695424591,8336366
20160718,995.6705431831797,990.1571044921875,1004.6222195011322,988.9975151183032,2598850
20160719,987.7359972053807,1003.4827880859375,1006.1683304299742,987.7359972053807,2362896
20160720,996.8910293889562,1015.180908203125,1018.2529800187195,996.1382352024218,2815252
20160721,1012.9636921990834,1019.6978149414062,1025.1705252040936,1002.7709667720078,2527148
20160722,1016.788176392883,1023.3799438476562,1027.0012635594578,1013.980645320986,1517216
20160725,1024.7668772066943,1043.9200439453125,1045.6538254851725,1022.2376158208518,1688796
20160726,1043.920493076241,1041.330078125,1047.6124493924221,1033.334242332946,2311290
20160727,1042.3087947170036,1051.508056640625,1052.6706505282928,1038.229308240616,1750510
20160728,1052.7112800938216,1068.519287109375,1072.7211772806147,1051.3038774530908,4632080
20160729,1066.377769231608,1068.5399169921875,1074.9038561629343,1060.2585394923294,2488084
20160801,1073.7209391298577,1104.8270263671875,1111.660166842273,1073.7209391298577,3961704
20160802,1102.644155422039,1101.134765625,1107.8659170630121,1097.300088886921,2578162
20160803,1095.7498414781708,1083.6337890625,1101.0531728032697,1080.6761619773486,2294702
20160804,1089.2227131424986,1081.879638671875,1094.505627356166,1075.4544485100794,1415416
20160805,1090.813577467933,1080.696533203125,1095.0563021050327,1073.7205732267942,1868484
20160808,1076.9844730432628,1080.8599853515625,1088.407035636146,1072.5174550914858,2058244
20160809,1084.3277721066706,1081.145751953125,1085.0620997723906,1052.0386685435183,2261914
20160810,1081.4719949595008,1091.4259033203125,1094.1184045572918,1080.2481488693918,2062078
20160811,1087.4076573143561,1105.5001220703125,1107.5807002409963,1087.4076573143561,2233138
20160812,1103.5008689282784,1117.146728515625,1119.7372417435183,1102.297440580234,2327358
20160816,1116.9636073821046,1098.0755615234375,1117.779504830886,1090.793736551175,3183754
20160817,1101.0536485188077,1070.681884765625,1101.0536485188077,1068.0098006010517,1848566
20160818,1074.945072408506,1076.393310546875,1084.1443376344505,1072.946163156249,1292064
20160819,1076.9848581236797,1062.0947265625,1079.616108028129,1060.6669057278664,2416244
20160822,1055.7712963535043,1039.7388916015625,1058.4025457005473,1034.680367269214,2265274
20160823,1038.2090091254843,1061.094970703125,1062.6859307713678,1036.2712528285185,1503374
20160824,1056.505370329808,1049.2642822265625,1061.4823236419682,1048.0404363499576,1116878
20160825,1052.507480787103,1040.6973876953125,1056.4645626365868,1030.4782544450475,1939690
20160826,1044.2667295781928,1030.0496826171875,1049.4680736473192,1026.8880813202675,1250314
20160829,1034.1293400320037,1020.095947265625,1034.1293400320037,1006.3072639144923,1488728
20160830,1023.9506793983363,1037.882080078125,1040.1870487360436,1020.3811302171667,1444026
20160831,1040.2692857528252,1024.481689453125,1040.2692857528252,1020.218645044608,3231668
20160901,1030.0300329945023,1022.9317626953125,1034.1299389418314,1014.5892284583118,1345736
20160902,1024.7673914029067,1025.90966796875,1027.786172701251,1018.2606279254361,1742330
20160906,1027.98939607315,1013.364501953125,1028.0913831992175,1011.7122905914679,2239066
20160907,1019.7492644746685,995.619140625,1019.7492644746685,988.4596215892914,3854040
20160908,962.758821539214,947.297607421875,962.758821539214,932.0606853863217,7021516
20160909,950.3980611697331,959.6788940429688,965.4717456312886,946.4613960754302,2742438
20160912,953.3761101875682,962.3713989257812,964.3703077134506,948.072777097094,2024454
20160914,963.5742021011959,949.8875122070312,969.9382375168698,942.3608835113304,2069858
20160915,954.5795170509468,949.2761840820312,955.4566664923764,945.1151273642516,2818964
20160916,953.254037754337,963.4527587890625,969.2864471403024,946.4413120225175,4358004
20160919,964.7984871673926,983.7476806640625,990.0913016301319,958.6792578618912,2802546
20160920,983.5641624185961,981.7283935546875,985.9710195347645,973.1206374874042,1184552
20160921,982.2179864412972,984.5432739257812,988.8675696383493,979.3623457698993,1678020
20160922,989.3774409506681,970.1018676757812,990.4992997126985,967.2870618934212,2857574
20160923,971.7333805508878,978.3013916015625,980.647095605831,967.3070992432408,1800726
20160926,979.5259399414061,979.5259399414062,986.869018614451,977.0374123301228,1753476
20160927,979.5252079014892,993.8034057617188,998.657953195475,979.5252079014892,2038792
20160928,991.7231522649344,988.47998046875,994.3748184474609,985.2775437788101,1731328
20160929,993.3549162968621,994.4971923828125,1002.125811861701,987.0725472193855,3603958
20160930,994.1913418253753,991.6416625976562,999.3926874499219,988.5004777084755,2175364
20161003,999.4740605262655,983.849609375,1002.5948274479541,979.5254140140836,1818880
20161004,987.2355665039231,981.177490234375,989.2957267583473,978.2606977175238,1780718
20161005,982.3401644484776,973.5081176757812,985.3589440519918,969.3266447997028,1176354
20161006,977.0370448585084,974.4873657226562,980.0558251166207,967.960187134875,2267572
20161007,974.1813999450843,965.9408569335938,974.1813999450843,962.0245099593998,1816512
20161010,966.7974355474543,971.0401611328125,973.7325623804705,960.7394580425971,1202142
20161013,964.1046543405366,950.0711669921875,966.797054527104,946.8075791804965,5173334
20161014,944.4010153266291,965.2879638671875,973.7733147233968,934.6102488610398,7741214
20161017,966.3898557521068,963.7586059570312,969.204762181503,956.3951103251255,2728346
20161018,969.2862295102977,979.1585693359375,985.4817749577428,960.6377359340396,2128632
20161019,979.4845545715588,977.0776977539062,983.1560918440052,966.9605529060225,1985058
20161020,977.8116291919292,979.54541015625,982.8906672236674,973.3650307927414,1265854
20161021,979.0767158402654,990.764404296875,992.0902373495753,978.3628057349651,1259660
20161024,993.2392507217826,993.0347290039062,995.9798217685013,982.7473265403748,1253190
20161025,983.7493836554798,981.0701293945312,987.6762402676912,973.9323419890634,1772466
20161026,981.1316411566473,980.1703491210938,982.8291314974264,970.4555673614168,1437130
20161027,973.4004631542069,989.1077880859375,993.7708424411113,967.5920674189952,2941602
20161028,985.7948801917543,981.1726684570312,987.8810420830443,976.7959227792154,1752102
20161101,981.5816386562459,961.252197265625,981.5816386562459,954.7688180320314,2934776
20161102,957.5707398783711,942.4566040039062,958.7978702583946,938.7547407180101,2325076
20161103,938.3456022740777,948.7557373046875,955.1163824367792,934.4596897973541,1463310
20161104,948.9805930965574,953.2960205078125,955.5866034002744,938.3454657601305,1183752
20161107,956.3027114115391,931.4124755859375,959.1660157699379,924.4587364298263,2048052
20161108,932.8027432661613,933.9276123046875,943.6628625018406,924.43782802521,1933634
20161109,891.7145554769701,887.5628051757812,930.5736760138105,876.5186340758371,4500226
20161110,901.859064729355,881.6727294921875,907.0538968376287,875.6802825883818,2172426
20161111,878.2366385076529,859.4614868164062,878.2366385076529,853.3463080527779,2398424
20161115,865.9039454833734,867.7037963867188,882.5316198416774,839.3161241158614,6290324
20161116,877.4389881758124,895.6414184570312,903.5358757438933,874.5347402527171,4019958
20161117,893.7599384896295,874.2076416015625,903.4134038578671,871.3238653054647,2504688
20161118,876.1707262180895,869.2579345703125,879.4430725344969,860.7088699002475,2140534
20161121,869.7080984959941,872.4486694335938,875.3529176574496,861.0363979761361,1793366
20161122,872.0805479956455,873.3076782226562,890.6715509620358,868.0105860488825,1318860
20161123,879.0343842167653,882.0408935546875,884.7405204374368,870.1172169308061,1275808
20161124,881.4472336881091,895.170654296875,903.0038922236182,874.1253996729769,3026234
20161125,904.804087438287,940.943115234375,943.7654750189818,896.7050073699482,4276148
20161128,938.3456112232379,933.6825561523438,948.755746353131,921.1248431901901,1924296
20161129,930.5737376012089,924.3767700195312,937.5274754206465,921.3907332183622,1442296
20161130,926.4834068742525,931.0033569335938,938.6524494148746,917.1981406059973,3445832
20161201,931.3919238846862,925.849365234375,936.709488667515,922.0043967985939,1123052
20161202,923.6202571495065,908.8333740234375,928.8560341159189,902.0227395781428,1998032
20161205,911.7578129467349,894.1689453125,915.3778872775682,887.6242503788312,2249526
20161206,895.8049228842992,892.67578125,901.5110575572496,887.5831117286262,1593444
20161207,892.614514804765,881.3045043945312,893.5348624829107,877.6639581047307,2065706
20161208,883.7384438065723,898.1572265625,899.4866178804224,883.5339220653534,3239546
20161209,901.9406264513315,897.9524536132812,908.0353326889666,888.9739716583892,1588718
20161212,897.7682494070759,903.2493896484375,907.0944565637374,884.7606525725814,1311758
20161213,907.2581749603797,900.0181274414062,907.2581749603797,892.9416573212394,2147534
20161214,905.6221715531285,903.0043334960938,909.9989163660399,895.3960856051483,1870366
20161215,900.7135871122108,924.1517944335938,929.3875700444893,900.7135871122108,4295410
20161216,931.3917647015412,933.7028198242188,936.7093285755509,921.1656803284458,1987230
20161219,932.6189530954312,936.2593994140625,939.8590013111128,924.969861479269,1334210
20161220,937.5275909792477,956.8753662109375,959.2068939120139,935.5028458668424,2922760
20161221,958.7158829290626,946.36279296875,958.7158829290626,943.0904459665954,2034902
20161222,943.254231042708,943.9495849609375,951.0260568839099,935.1551504564196,1868300
20161223,940.8000729402229,935.9324951171875,948.0605952422616,932.1283705016015,1118954
20161226,926.8923014205532,937.9774169921875,941.4542857309671,926.8923014205532,897408
20161227,933.2322806138843,950.3711547851562,953.0708804866756,933.2322806138843,1294692
20161228,951.7213646926234,946.2810668945312,961.2111526556043,942.0883715780654,1350418
20161229,942.0267540944191,961.9471435546875,965.3012787636211,942.0267540944191,1963516
20161230,963.2561770869124,967.612548828125,972.9505846964294,959.4725259732553,1405748
20170102,968.0424369818709,965.8949584960938,971.5193069112242,962.2339390909324,823132
20170103,965.8535546248734,968.7168579101562,970.1280374136555,958.511246887574,1475324
20170104,969.3100804772716,973.3187255859375,977.1433211458809,964.6470258771359,1420066
20170105,975.1596910257191,954.87109375,977.5934798455108,949.1444848261913,2216404
20170106,949.3899345120088,933.1917724609375,952.805487578375,923.252095605737,3009896
20170109,930.5738277153717,942.3133544921875,945.4221245875666,923.2110457817996,1854578
20170110,942.4362954694562,947.0789794921875,952.989638542594,937.3232513317097,1533914
20170111,946.9354884577274,950.7804565429688,952.9075621534732,932.7007579024732,1931296
20170112,950.7803618743927,958.9408569335938,965.3423456785753,942.4359171370497,2570374
20170113,960.433457977867,920.0609130859375,964.5034179483588,915.377388299872,10235580
20170116,920.3476297373015,923.844970703125,930.123726836423,911.3486751354257,3364808
20170117,922.3518803924633,932.1076049804688,935.8094675534319,921.4929492103419,3009956
20170118,931.8007896727169,938.7954711914062,939.9816570096151,926.6672754459926,3136574
20170119,938.7545206243947,937.1183471679688,938.8158371833696,933.825528114091,2251676
20170120,935.482193631224,934.8073120117188,940.7997574778379,926.4832394292621,2037246
20170123,929.1259470146989,946.231689453125,949.0211383746164,926.9928743626025,2318546
20170124,945.1241258126349,951.0106811523438,952.9181181695967,939.3811840759262,2282638
20170125,952.7538977615944,965.2242431640625,968.0957135007172,950.8874220129813,4111648
20170127,961.9633629015198,967.1935424804688,975.7874253666744,961.9633629015198,2871658
20170130,960.3019291756693,956.9791870117188,964.7937101388179,950.9285875006802,2577956
20170131,951.6877728557193,914.6868286132812,956.6308263609094,902.4830737673943,4666804
20170201,910.6664198119805,889.29443359375,918.8500912575279,884.2283989602921,4864152
20170202,890.1768611702363,905.6007080078125,910.2566348658462,883.182755685519,6009482
20170203,906.4412947979334,915.8146362304688,920.101312014566,898.7703854765556,2153372
20170206,926.2544694377232,919.1783447265625,926.4595745018148,908.594903389644,2408910
20170207,920.5115853129288,920.7577514648438,924.0394326959059,913.1278025430389,1814638
20170208,920.880536083069,931.5665283203125,936.3455356732803,920.5319176167206,2212584
20170209,933.2280474934788,950.5799560546875,954.9691844240962,931.2590188360087,4033202
20170210,947.9957568990765,983.6635131835938,994.5340833081395,947.9957568990765,5782160
20170213,982.8635788603798,990.3499145507812,996.4005146293249,977.2642500337217,3819812
20170214,992.5650136107656,987.0682373046875,992.5650136107656,983.6840033482143,2033328
20170215,983.2735353155282,990.1240234375,995.9900474535264,974.2899748647131,1924972
20170216,1009.1171774261759,1004.0921020507812,1016.5009616512455,999.1080877584526,4175680
20170217,1014.039694170738,987.7451782226562,1015.516491066502,985.3249779118579,2723324
20170220,994.7596516873676,1026.4278564453125,1048.0869732211233,987.8271399475659,3973948
20170221,1031.2683917249963,1011.3117065429688,1036.1498528036452,1007.1274825910185,5501112
20170222,1011.5372568349509,989.2218627929688,1013.219158655871,984.5659371257915,4505496
20170223,990.6575122623655,1018.0595703125,1022.7564565002662,990.6575122623655,4853352
20170227,1016.9519356020897,1021.3616943359375,1026.3457071708908,1013.2395140335714,2139892
20170228,1021.2181105445982,1011.6807250976562,1021.4232156079734,1005.0148105379657,2354828
20170301,1017.2799880551635,1017.136474609375,1026.3046102651415,1013.2189481202536,1130374
20170302,1020.0698817771512,1026.1204833984375,1029.6278013171852,1013.2399206845851,1544942
20170303,1022.2437049152824,1023.0846557617188,1025.4023030748347,1015.4341762916545,1013970
20170306,1017.3212051314458,1014.24462890625,1018.9620457848837,1006.8813765037409,1400694
20170307,1018.5107477075223,1025.443359375,1027.5764321384688,1015.2906580993804,1511672
20170308,1026.345783773346,1030.5299072265625,1033.7295663904204,1022.325704318702,1791510
20170309,1031.3294927881568,1033.626708984375,1035.3701015880793,1027.186431631066,858468
20170310,1033.5655911715758,1042.8568115234375,1045.8513658138747,1031.2478436064914,1171420
20170314,1048.8254924312075,1053.2147216796875,1061.2753123040325,1046.4667837069005,3402294
20170315,1055.0603442555714,1024.827880859375,1055.1218357090713,1023.0024660011638,3022496
20170316,1027.9866635430405,1034.0987548828125,1036.6010769246861,1027.9866635430405,1571818
20170317,1044.3950121367106,1036.0882568359375,1044.3950121367106,1029.5248946229808,2593152
20170320,1036.170489760194,1017.3213500976562,1036.170489760194,1011.5784069922663,3487540
20170321,1018.1411859263388,1020.0691528320312,1022.2432857890557,1011.1676161597201,3373700
20170322,1017.3826129851603,1016.890380859375,1023.884483599653,1013.1984896925494,1888716
20170323,1018.1416917073659,1009.2606811523438,1019.3928528168168,1003.8663570637856,2620638
20170324,1013.1370406541031,995.6620483398438,1013.1370406541031,994.0622688268173,5099814
20170327,995.5596629550693,989.4475708007812,1000.9129262997056,986.9657789660212,2181270
20170328,988.6063673789256,996.7900390625,1002.3073450249278,988.6063673789256,1153158
20170329,999.2715923029493,1002.7994384765625,1005.3427205289928,995.0054482246102,1717764
20170330,1002.9227164746038,1001.3229370117188,1011.1679802269097,998.8616762079209,2986086
20170331,1000.2565215935464,997.5491943359375,1001.2616167127475,990.6576428774298,1867044
20170403,998.8615649893205,989.3036499023438,998.8615649893205,987.8679145933241,1196888
20170405,992.6672227897723,985.016845703125,992.6672227897723,982.4530329865629,2905568
20170406,984.5043718062113,984.52490234375,988.6064733554039,981.4483261818556,1720704
20170407,982.4119824098458,996.4207153320312,998.143577466164,981.2839048025173,2277012
20170410,997.6310797037877,993.6315307617188,1004.6046522181646,986.5554057103658,2543264
20170411,991.6007835053298,992.4212036132812,1002.1842229276915,986.9653898656162,1557784
20170412,993.7341209131885,981.7354736328125,995.9902768120626,977.530819457638,1050538
20170413,984.504311632759,955.2357788085938,988.1962028013818,952.1182419111311,2500472
20170417,955.9536385183322,949.574951171875,956.9791638343487,941.4937315625,2270882
20170418,955.789635708315,947.0932006835938,957.5124982836622,944.3242822110483,1730620
20170419,928.5105112331346,943.1344604492188,963.4603898369056,924.1212834298356,5626812
20170420,945.6576214066835,953.94384765625,956.6102140332723,939.7710648070507,1268842
20170421,955.42080862606,947.9139404296875,958.1076058561023,943.8938596330897,1161154
20170424,943.4836105629486,955.0105590820312,959.7484075289267,936.3049309173609,2000020
20170425,954.9691505110318,948.20068359375,961.7170868927128,944.5908145414088,3148710
20170426,959.89181770975,947.7291259765625,961.5121278850644,944.734571643657,2187438
20170427,945.9651481518061,944.5703735351562,954.887219024794,934.3151196581587,5773186
20170428,941.0221606642249,932.46923828125,942.9706590352603,930.3566958964525,2540510
20170502,941.0219893959442,939.340087890625,944.3036702656772,935.2790478739113,2382696
20170503,941.4320310237099,958.783935546875,961.9425327889323,930.5614650881421,3514406
20170504,963.9732381213269,955.8306274414062,963.9937686568337,947.0931319765557,2708208
20170505,946.7650730664861,951.8927001953125,956.8152222389857,944.5089171298026,1682474
20170508,952.0975595577755,960.8965454101562,962.92706519933,950.7438463153458,1071782
20170509,961.5119479871712,965.039794921875,968.5060502519447,956.8355928867039,1790270
20170510,966.0448137190612,956.7945556640625,966.5165152882599,950.0466193517391,1206388
20170511,962.8860328224254,963.7679443359375,968.0956802243543,952.8153564581013,2071302
20170512,961.2455840007121,968.3626708984375,972.1571152575597,951.7081968277835,2314446
20170515,974.2902120398293,970.1881103515625,975.4592509316051,960.5481713841356,1817604
20170516,976.300006291585,996.4617919921875,998.8615610588275,973.6131101940604,3601026
20170517,998.2460993780124,1007.209228515625,1009.4243225989086,993.9388941002359,2876198
20170518,1005.0149038218568,1040.375,1055.060543930537,1001.8357750444612,5138594
20170519,1040.3748758490462,1028.458251953125,1042.1593299126785,1019.7823480619782,1786044
20170522,1029.6273502880385,1038.3853759765625,1047.5740421506287,1029.6273502880385,1663940
20170523,1039.1442964466364,1034.4268798828125,1051.840280125571,1031.268281865522,2748596
20170524,1039.8006282754413,1049.7891845703125,1054.2400044150709,1037.687986076054,2534548
20170525,1057.1114106669154,1076.637451171875,1081.9496518514902,1053.4195198264022,4094094
20170526,1076.801466870167,1057.6241455078125,1077.560395582587,1052.0452483246402,1362550
20170529,1057.9316872191341,1055.408935546875,1065.110362878822,1051.7785366536875,1749290
20170530,1050.1378904972253,1046.487060546875,1056.6807217773685,1035.7805365255836,927634
20170531,1039.0619728509805,1044.640869140625,1055.2652685192056,1037.0109227663952,2502730
20170601,1037.8314536787734,1047.512451171875,1051.7785957440217,1037.8314536787734,1080064
20170602,1048.5997932219539,1052.1480712890625,1063.2033159763891,1047.0615050167385,1355648
20170605,1052.1892022608006,1068.1668701171875,1074.7097030215282,1050.1996426569735,1500188
20170606,1079.2629742721422,1105.9266357421875,1111.2388374975797,1078.85276409568,5946720
20170607,1106.3364270415113,1072.8017578125,1107.5670571049613,1056.9266500237818,4927776
20170608,1065.7260026989466,1034.385986328125,1068.57694329993,1031.8836642760584,3330714
20170609,1033.72982796607,1028.3970947265625,1044.9695487343604,1019.7826794935119,3148034
20170612,1024.2946151246456,1020.2745361328125,1030.8169156259314,1013.3829864538059,1626506
20170613,1022.4732179019393,1016.8942260742188,1029.1514810496558,1015.00688203085,1175414
20170614,1018.3249987966917,1024.6298828125,1027.0357218006552,1018.3249987966917,1489142
20170615,1024.1324202444748,1000.1571655273438,1024.4227575015445,997.585447828255,2997198
20170616,1001.7124241159446,995.3867797851562,1010.0291111783486,989.9114882246936,2450426
20170619,1002.5215753180687,1008.6605834960938,1014.737412709382,997.6477166619596,1644742
20170620,1008.3701569040372,1014.1773071289062,1015.8364929074402,987.3399974148514,1670958
20170621,1012.1033146124701,998.1246948242188,1012.9950864518972,994.3500067089778,1657818
20170622,999.2443887722536,993.3750610351562,1008.3699083044203,989.2892765553445,5775882
20170623,995.2626237824702,979.6248168945312,1001.2979327606432,976.4309042837857,1424756
20170627,975.0204582324333,971.8057861328125,989.1649547095732,967.139326633363,1974330
20170628,974.729650954723,974.7919311523438,978.0895410305943,968.5492274412373,1789726
20170629,978.504923227936,967.8239135742188,983.9180376945259,963.6137696939126,2471826
20170630,964.1526231246805,979.8942260742188,985.9709522687969,963.6134688691071,1753848
20170703,977.8406445036404,984.5604248046875,988.4802291345542,971.9091391116197,1475956
20170704,984.436280687096,981.7608642578125,987.402034332124,974.7922647366995,1215134
20170705,979.2511744295675,977.2601318359375,980.9932987232564,972.6973723069922,815856
20170706,978.5045859239681,973.7551879882812,979.7074548269316,970.6649754462765,1026788
20170707,974.7716419552734,967.2845458984375,977.4470587613755,964.6091290923354,1232090
20170710,998.0002085515146,1010.008544921875,1014.1357491382544,986.7799448890884,783608
20170711,1006.2958816086616,1026.9527587890625,1043.1298154183855,1006.2958816086616,3537504
20170712,1029.732190591821,1011.8751831054688,1030.0640480066713,1007.9968970461103,2646450
20170713,1014.1770160813072,1014.7576904296875,1025.3765168723892,1006.5448041978013,3131960
20170714,988.4598861960162,994.4536743164062,1005.8813361415608,985.1415147778173,4508432
20170717,994.5571931593965,993.6239013671875,1004.6782849116474,988.1278497019567,2211822
20170718,993.9143176377044,998.9749145507812,1013.3475687868603,993.9143176377044,1908002
20170719,1001.940307751624,1016.0848999023438,1020.3987402479797,1001.7744297647197,3915576
20170720,1015.9402005379542,1014.0528564453125,1019.1133528585442,1008.1627671358569,1182504
20170721,1009.98752301081,1033.340576171875,1036.9908040558785,1009.8424050594222,2148416
20170724,1032.4255009310955,1052.6829833984375,1056.5514795991064,1032.4255009310955,2271402
20170725,1050.6237729002291,1069.6541748046875,1073.1898778907616,1047.5663890218586,2678832
20170726,1064.871014280125,1063.2071533203125,1071.1104928794227,1059.463466160734,1459826
20170727,1057.4668000361455,1032.3009033203125,1075.1869596675765,1025.9782520595338,4255304
20170728,1032.0096188043408,1033.38232421875,1037.0220195692289,1015.786976670778,1382752
20170731,1027.84985792756,1036.501953125,1047.8161845890422,1024.522136817313,2019662
20170801,1039.9130632342444,1040.599365234375,1048.5443416590888,1036.169376206601,1747460
20170802,1039.9125453914733,1029.0142822265625,1043.240265536726,1024.105874701523,1251024
20170803,1031.5935637372831,1035.5244140625,1040.744796963985,1025.9572156891302,1882548
20170804,1036.0863279877922,1049.397216796875,1051.6850258109362,1034.921604906193,1387890
20170807,1046.7762657313428,1041.347900390625,1048.232143708716,1032.0926761058952,1885520
20170808,1044.9045085912276,1041.181640625,1051.809571045077,1038.3738757233316,1073958
20170809,1039.913201787669,1044.90478515625,1049.4180490736178,1037.126254717683,992946
20170810,1043.6566868207804,1044.67578125,1048.4819237624781,1034.2351156621944,1526172
20170811,1039.8711801969234,1038.269775390625,1054.471596773848,1032.8414101733588,1394736
20170814,1041.1606724475816,1027.1842041015625,1044.0307910908261,1024.5220680137409,786504
20170816,1033.257485160157,1036.7308349609375,1058.1322227062935,1025.4373196315594,1373340
20170817,1040.2038985409886,1033.943603515625,1041.992568770232,1024.147706717076,1752374
20170818,1029.0980054921442,1045.6534423828125,1060.6697266396793,1028.0164552447184,2837356
20170821,1042.2008127561737,1051.892822265625,1060.2952990283322,1037.5420228083958,2304834
20170822,1049.479968455415,1038.8936767578125,1056.343392743768,1036.5850500954793,1131326
20170823,1041.9926924039896,1035.5244140625,1046.9011014454734,1028.7441618610092,1562272
20170824,1038.9561579693507,1038.4986572265625,1047.3794524443367,1034.1517400691152,1623908
20170828,1041.8267130408074,1034.6304931640625,1042.1594040318491,1023.6905856518579,2036796
20170829,1032.4255687556927,1027.78759765625,1038.2490812305434,1024.9173770041032,1312602
20170830,1032.0095095009522,1033.4862060546875,1035.7531957506533,1023.3158787204638,970782
20170831,1033.6735297137911,1038.394775390625,1041.7432140324097,1026.0405276152283,1784664
20170901,1031.593484110261,1021.7974853515625,1039.1016747388762,1013.5198201933999,1702330
20170904,1020.404294371008,1021.6937255859375,1023.6903788990612,1014.1231790962662,1062544
20170905,1023.274404873162,1033.4031982421875,1035.7533610301518,1013.7280237238658,1165994
20170906,1026.664582978668,1020.4459228515625,1029.4516313746553,1019.1148543729805,1228764
20170907,1022.4423505220526,1023.31591796875,1026.7683475104755,1019.5514130069243,870636
20170908,1020.6746612235213,1027.6837158203125,1029.0979569503786,1020.1755232690278,1021134
20170911,1027.933176339456,1020.9657592773438,1032.820767412878,1019.1147344582101,732764
20170912,1029.0562068943905,1035.1085205078125,1038.6650430686068,1022.026436051088,1396460
20170913,1039.9127313963654,1035.4202880859375,1053.0779859542522,1029.596776790118,1278980
20170914,1032.4256117406615,1034.484619140625,1038.9147093901247,1028.2243226587136,1081510
20170915,1039.4969905836276,1042.4295654296875,1046.9843638651423,1033.6734780313384,2944072
20170918,1041.972343326098,1039.5181884765625,1047.7958580034037,1035.4417078916413,726600
20170919,1041.9928236875187,1039.18505859375,1041.9928236875187,1036.3772934999813,782754
20170920,1045.7365710420272,1037.2301025390625,1045.7365710420272,1029.2227719930963,1334642
20170921,1036.1899056568468,1050.270263671875,1056.967342552062,1031.5934708890647,2438740
20170922,1048.1907968891421,1041.41064453125,1051.102553650353,1036.5854069910654,2435396
20170925,1038.4778365457153,1044.384521484375,1054.0557114174674,1036.8971486329485,1599558
20170926,1044.072821025228,1029.368408203125,1050.8946107880076,1025.7703492622359,1449230
20170927,1035.753547622589,1037.8333740234375,1044.9879565315518,1028.994111819831,2010356
20170928,1037.7084308175467,1030.1170654296875,1045.7365800042767,1019.9467359468919,4332866
20170929,1031.1777075085108,1013.2703857421875,1033.257533461533,1007.259709048753,1985014
20171003,1014.9552067330545,1018.4700927734375,1020.9035300997112,1009.5684770736966,1923006
20171004,1018.9484928332507,1015.9119262695312,1020.7786992681979,1008.7157073045557,1300778
20171005,1015.370806722147,1010.6288452148438,1016.3899009039645,1008.4657454567258,1684686
20171006,1010.7954722347342,1017.7212524414062,1021.1946026075195,1009.9843603764584,1389188
20171009,1015.3918852221311,1020.8202514648438,1026.5813086287606,1015.3918852221311,1773616
20171010,1021.194733060011,1022.9625854492188,1027.4133935065377,1019.6348633048277,1222010
20171011,1023.2745980689814,1040.058837890625,1045.9238874593375,1021.9227108967358,1527746
20171012,1045.3200878434886,1059.9620361328125,1062.790618559536,1042.8242977411962,5006356
20171013,1059.9625968907196,1064.2886962890625,1085.2324850451,1049.4802932263717,4066320
20171016,1062.8117477852722,1075.020263671875,1077.349709069838,1062.8117477852722,1218590
20171017,1075.2700656527538,1079.2425537109375,1087.728203355995,1072.1711451553874,1443016
20171018,1079.4297361401168,1075.9356689453125,1087.1874468013702,1073.1902578965323,1514144
20171019,1078.1817364777799,1074.8123779296875,1079.7624244577985,1069.4464677794645,86822
20171023,1074.8539727876446,1076.4761962890625,1093.572404976284,1059.6504258880732,1886088
20171024,1089.8288515826816,1072.524658203125,1090.2031796505541,1068.6354444170945,1339020
20171025,1075.4862058252704,1067.7281494140625,1090.2931712341503,1065.684411822209,1105106
20171026,1057.3843700270497,1058.948486328125,1071.5864645764218,1050.2102084617277,3007552
20171027,1058.593635528086,1077.9052734375,1081.596525843724,1055.382004596477,1409270
20171030,1078.614366521696,1091.210693359375,1092.7956845656781,1076.8208265206285,1137252
20171031,1084.9955320398028,1094.463623046875,1101.1371817239901,1084.9955320398028,1592634
20171101,1094.4637828462153,1085.6422119140625,1095.6525513913145,1075.6318724368107,741882
20171102,1087.9989865628058,1095.3607177734375,1115.3188767755196,1087.2690658319318,1468422
20171103,1097.9673757902947,1092.837158203125,1099.760915336996,1085.6213513661971,666886
20171106,1092.795739146021,1111.7945556640625,1114.4014157288193,1089.3546838605423,1377000
20171107,1113.650447530329,1130.355224609375,1154.5260070276968,1112.0029325901487,2696892
20171108,1135.75667003792,1140.7618408203125,1150.7721823850977,1133.775456603223,1402252
20171109,1147.0185159311488,1141.345947265625,1147.0185159311488,1134.2136386830316,1152432
20171110,1135.422929961262,1129.81298828125,1137.007921016959,1123.3897267450316,1356566
20171113,1127.0182922053677,1150.7510986328125,1158.446526950292,1127.0182922053677,1496996
20171114,1149.7501496852492,1132.2529296875,1149.7501496852492,1129.2914966648984,1657252
20171115,1128.6660934585782,1128.3741455078125,1149.1038756387225,1126.7266303716292,6670834
20171116,1130.3342664065724,1145.620849609375,1152.4404347163688,1120.7201483132976,1653482
20171117,1146.225728968764,1129.2081298828125,1146.225728968764,1127.6648894336206,1325464
20171120,1132.4197917501067,1127.602294921875,1137.3832116152837,1124.2029907911594,1014498
20171121,1126.5803424937865,1114.8807373046875,1126.5803424937865,1111.981930058658,1527740
20171122,1114.9017737070014,1118.092529296875,1130.2092337356148,1114.6514744397546,1822624
20171123,1118.2384990530304,1118.3427734375,1123.2436695075758,1113.2333285984848,793470
20171124,1118.6554948374028,1121.178955078125,1127.372791853958,1114.94336782012,2287512
20171127,1121.1584379290994,1120.26171875,1124.453468498858,1110.3972986275237,1856786
20171128,1120.3238082154642,1120.0318603515625,1127.1641660144633,1113.6502486728552,911716
20171129,1116.7787646051327,1108.7078857421875,1123.2437770612967,1105.308581215164,1447532
20171130,1106.8306182058734,1099.885986328125,1112.3780347108163,1094.0466219714342,4299962
20171201,1099.052041699641,1096.9456787109375,1112.816260817701,1093.4212247877074,1031144
20171204,1093.6297769656503,1097.94677734375,1108.8538375527007,1085.6840482657697,1259104
20171205,1097.3839235965052,1099.28173828125,1106.0178246361284,1096.1951545548295,1167914
20171206,1099.4689162253615,1098.3427734375,1103.22279340519,1089.8131506560876,1407518
20171207,1097.9260208179483,1091.648681640625,1103.6193622633884,1090.7102120509062,1326300
20171208,1091.9613328736125,1085.0792236328125,1103.2229661767399,1083.202284748958,1385548
20171211,1087.9363386141897,1109.938232421875,1114.755627231996,1087.9363386141897,1008002
20171212,1109.8966190613537,1089.5213623046875,1110.3137166258261,1087.540148873443,1882246
20171213,1089.2081719194864,1096.298828125,1105.912944110914,1084.8703994435778,2961458
20171214,1097.800917441088,1066.852294921875,1097.800917441088,1055.7158090206149,5504150
20171215,1069.3340753850325,1061.7637939453125,1077.967976173679,1058.1141895924625,2718138
20171218,1058.1764476342248,1076.3201904296875,1079.8446442388076,1040.3872784761422,2180664
20171219,1074.4434372170492,1074.1514892578125,1083.536185429157,1069.730213884902,1801952
20171220,1076.9459188356766,1079.8447265625,1081.429717684431,1063.8698693678227,1577570
20171221,1079.0309410649204,1082.65966796875,1087.789986199193,1076.1321345889469,1293648
20171222,1086.1219615595778,1103.952880859375,1111.1060627234874,1080.3659953142546,3665664
20171226,1120.3237901218993,1105.078857421875,1121.8879056144374,1097.6337287756555,2175786
20171227,1105.0789131785311,1092.753662109375,1108.8536657903983,1088.83298647577,739284
20171228,1088.1240565010783,1095.6943359375,1106.7682957237773,1086.810138183463,2605088
20171229,1094.0884440929508,1126.6636962890625,1129.8753265294622,1092.1906301866654,2609542
20180101,1118.7806018297467,1103.47314453125,1123.9943203803548,1099.0518704681583,1351760
20180102,1109.4798409077518,1097.4674072265625,1113.4840194116448,1092.8793326964928,1920290
20180103,1097.8009265436149,1100.5745849609375,1113.2335383529285,1097.4672280843458,1257120
20180104,1105.3084642396616,1108.2698974609375,1110.3136346437657,1101.137488902908,913082
20180105,1105.3086083902415,1121.6588134765625,1125.954938999795,1105.3086083902415,1153706
20180108,1126.1631487953696,1132.1693115234375,1137.3622563961198,1118.5928705828637,1242220
20180109,1132.4198215691617,1129.917236328125,1134.9224068101985,1116.3824415156082,2149396
20180110,1130.7516475098719,1170.626220703125,1174.5468975978602,1123.9320606925528,3365850
20180111,1172.0438004291907,1163.910400390625,1177.0072192077332,1160.4484712901753,2520744
20180112,1169.958592780645,1158.0087890625,1169.958592780645,1143.0766768527205,3360314
20180115,1158.342522236196,1145.3917236328125,1171.2100235187934,1140.7827749334278,1457214
20180116,1149.5210145822389,1189.082763671875,1193.5873364010713,1147.2478529710208,4267752
20180117,1197.0700204738573,1204.9739990234375,1220.010386719872,1193.7957638320145,4280806
20180118,1208.3315032267774,1217.1739501953125,1223.347013795008,1196.256550510915,2209478
20180119,1222.325218166771,1234.3167724609375,1243.7848662679799,1211.1052332245652,1820000
20180122,1237.953967614311,1302.924560546875,1310.575562929284,1221.6485962070303,4367110
20180123,1302.3182513667145,1296.904052734375,1313.773880322582,1291.9079405149093,3239610
20180124,1291.887406309327,1327.257568359375,1362.5649561853888,1288.814429417012,5621538
20180125,1327.4245186552596,1304.8687744140625,1329.431354089967,1288.1243911738127,3833844
20180129,1309.1959809655723,1337.39599609375,1348.3289168699996,1305.2660088273299,3141060
20180130,1329.5149470260121,1318.1639404296875,1339.4654252200187,1314.3383880653937,1574758
20180131,1311.5372358075103,1301.2314453125,1316.9723598322146,1295.4827564402167,3043214
20180201,1306.102073740641,1312.2061767578125,1333.6957795238939,1291.385451070617,2400630
20180202,1304.4300851180776,1318.4986572265625,1333.6961447200858,1297.5107320406482,2456490
20180205,1300.2491368104072,1297.4061279296875,1332.8598868654592,1286.3896088657737,2757742
20180206,1258.440221407384,1253.109619140625,1286.5146858502253,1247.9880601000134,2657306
20180207,1265.5481065790034,1235.466796875,1267.220452937218,1232.2892979656235,2180324
20180208,1245.7933009779827,1243.472900390625,1265.7987816764635,1237.1180057366728,2755004
20180209,1233.3550346312952,1242.427490234375,1251.7508385376605,1211.0500815660725,2102458
20180212,1245.1872089474991,1240.5882568359375,1264.022028691505,1235.6757398076784,1974562
20180214,1241.7166419337132,1217.384033203125,1243.577106050181,1209.3149450482374,2847532
20180215,1225.8084446004661,1223.2581787109375,1230.4283199026859,1214.5828855957554,2465236
20180216,1222.0666435515304,1226.2684326171875,1254.0921051452672,1222.0666435515304,2515756
20180219,1231.2646364537782,1222.317626953125,1234.7347745192824,1210.4439101326434,1568224
20180220,1224.157086366627,1231.1600341796875,1248.0089379890694,1224.1152368942135,1889068
20180221,1243.3893710275388,1271.9447021484375,1280.4318793321063,1237.5570842039133,3089228
20180222,1275.9998905041045,1275.247314453125,1287.2882250531252,1263.6663397931377,3463010
20180223,1275.163908701028,1285.9505615234375,1291.4692832713033,1250.956739590843,3362500
20180226,1285.6158593726784,1267.5126953125,1291.8662315103727,1263.122787500008,1363882
20180227,1271.4008745038504,1271.96533203125,1287.1000408694345,1267.6380965128822,1717800
20180228,1268.8926494773586,1268.91357421875,1280.9962344014841,1263.2275564433992,2706864
20180301,1274.745760249675,1270.0213623046875,1279.846395222322,1262.621251542807,1718124
20180305,1274.745898813369,1298.51416015625,1301.7751536088365,1268.0355892300936,2858168
20180306,1305.2659933248865,1272.153564453125,1307.3564257293147,1266.864709226785,1906764
20180307,1283.5254392285433,1265.73583984375,1291.4690820120422,1261.9939864206376,1917772
20180308,1277.2121265982673,1255.91064453125,1277.2121265982673,1249.0331435360295,1951826
20180309,1256.3498779015285,1268.5162353515625,1280.6824907297016,1244.7270532922535,1872436
20180312,1272.2372932725605,1276.062744140625,1289.3369912853518,1269.1016443407352,2091340
20180313,1222.8611633169626,1206.93212890625,1229.0488639328387,1200.744428290374,88067154
20180314,1209.5030760421896,1206.9736328125,1222.0875179851473,1202.019370028938,3668668
20180315,1210.3601997347182,1199.7825927734375,1213.5167726561747,1193.8876354271847,2348906
20180316,1199.4065312631585,1181.386962890625,1200.7443876037696,1172.732593046161,7197482
20180319,1182.7668542407166,1183.60302734375,1190.7104987195337,1179.0040752770665,3489940
20180320,1179.00366664718,1197.7548828125,1201.2458430645884,1178.5855802405674,4024984
20180321,1200.9535149584044,1194.36865234375,1205.8869562523357,1191.546568366041,3907678
20180322,1195.7064803862436,1183.749267578125,1202.395864470864,1180.0700859172036,2326094
20180323,1171.478169635269,1178.230224609375,1184.8987847842545,1169.8267486613302,3654122
20180326,1178.585928919978,1177.749755859375,1182.097814945748,1162.9286087745675,2964210
20180327,1181.0941751665505,1190.584716796875,1196.981459646667,1180.2789270352368,2494574
20180328,1185.6517587502917,1191.19140625,1201.998985785748,1181.0946555981695,6865654
20180402,1187.3654291862526,1216.485107421875,1218.3038241720917,1187.3654291862526,1662988
20180403,1209.1483452034693,1217.1546630859375,1224.9519376600183,1209.1483452034693,1937290
20180404,1224.7633366002644,1217.0078125,1226.6656503715576,1209.1060193846438,2841820
20180405,1223.5508381218535,1236.6787109375,1239.1036325982936,1220.9587227210936,1809424
20180406,1235.0277348644277,1233.4808349609375,1237.536254298817,1223.5512788664792,1129018
20180409,1229.0487798280003,1222.4429931640625,1238.999258263867,1218.7220643965488,1235866
20180410,1223.1956080258087,1228.1708984375,1236.386257034127,1223.1956080258087,1184532
20180411,1233.606218445763,1260.175537109375,1264.7118170173592,1231.5157856903625,3124416
20180412,1258.4399968176367,1312.4776611328125,1316.9720896928754,1257.5828993290181,6114360
20180413,1316.9722231104458,1318.3519287109375,1354.9344904640054,1309.4885170205703,8179118
20180416,1302.757760932505,1332.713623046875,1337.8561083070447,1300.5628064251573,6270274
20180417,1332.7134815630784,1323.912841796875,1335.7655336350947,1315.801901901934,3301724
20180418,1323.661855623256,1320.777099609375,1335.138309604599,1315.237453498507,2433066
20180419,1329.473406101259,1334.1768798828125,1345.068055142482,1323.5575221292256,4820952
20180420,1358.780931063073,1422.5181884765625,1430.8381698822027,1354.600066659802,18465662
20180423,1431.528019464497,1425.1103515625,1487.5097548642161,1417.1249615288305,15185910
20180424,1425.6748309118896,1415.494384765625,1439.5343562546086,1397.4539948161264,8314336
20180425,1415.222870262184,1450.86474609375,1456.1953492239843,1406.8820646021984,8196574
20180426,1449.5056576748693,1479.71240234375,1488.3876957953664,1449.5056576748693,12135034
20180427,1473.7549858771936,1443.2137451171875,1481.698629772702,1429.8559011914901,4501330
20180430,1443.2139325734274,1476.7236328125,1483.7892551032724,1437.2144514635963,3458558
20180502,1476.0544021838614,1463.1982421875,1476.7651288261907,1451.3037015645962,3158046
20180503,1467.4002205524032,1455.7147216796875,1474.173202372403,1450.9275489367444,3761550
20180504,1459.9579895058985,1455.2545166015625,1462.0484219078255,1450.7600869374191,2347244
20180507,1459.1219462082036,1430.2530517578125,1459.1219462082036,1426.051261842173,3484426
20180508,1436.0017978806284,1438.7193603515625,1457.6587007556852,1420.1145095890133,2992820
20180509,1438.3012563054008,1458.829345703125,1461.1078968712454,1438.3012563054008,2615050
20180510,1464.5360719544262,1442.9210205078125,1467.964360810069,1438.3011443088296,3858678
20180511,1444.1544612694042,1445.30419921875,1457.0315467164587,1439.2628693174777,2627876
20180514,1445.3251046070625,1435.52099609375,1451.1783159071779,1426.0095277310627,2433894
20180515,1442.3984955737942,1455.9444580078125,1461.5468786250678,1435.5836648759778,1952890
20180516,1454.920033323602,1460.7523193359375,1467.0654660459418,1452.9550472716328,1648450
20180517,1468.7165094327227,1459.8740234375,1477.161833786396,1453.2682383035644,2968048
20180518,1455.2754522641808,1464.1597900390625,1470.7028026774526,1445.7430600254581,1874996
20180521,1475.3017068320655,1487.029052734375,1501.7666008074436,1470.84912675364,3446178
20180522,1487.5518934344823,1467.0238037109375,1494.6384397974234,1460.668908785183,1857416
20180523,1473.7550188845573,1461.2542724609375,1482.1167494881577,1455.3592115566364,1507298
20180524,1467.4836398951138,1506.6583251953125,1511.3827231398395,1464.2853189446157,2962316
20180525,1515.5634071826148,1499.1744384765625,1536.384133163253,1493.6347929192743,3769772
20180528,1512.0097676639875,1464.1597900390625,1512.0097676639875,1457.4494815641258,3716798
20180529,1475.8035204335952,1473.1278076171875,1481.6985810118667,1458.2857366166454,3525312
20180530,1467.086518643057,1469.1978759765625,1477.09967035007,1455.986301158822,3779106
20180531,1461.989112987305,1467.9332275390625,1483.109585113325,1455.328357689904,5049371
20180601,1478.8517650855433,1460.6822509765625,1481.802723567755,1447.0657677456538,1603856
20180604,1471.263085335634,1470.6307373046875,1474.635608167349,1443.9456298144974,1681483
20180605,1470.4203329890415,1451.5341796875,1477.081087879837,1442.7235026910164,2449568
20180606,1452.7147149422126,1455.0333251953125,1462.7479944398794,1446.1382519649144,2236512
20180607,1454.4008261294819,1463.2958984375,1474.6359680582398,1453.3891102015455,2414762
20180608,1462.8320725130225,1473.033935546875,1481.6339322504218,1462.8320725130225,2582138
20180611,1473.0338326043072,1475.2259521484375,1486.4396332044096,1469.5770168322665,2179378
20180612,1481.3810682858996,1501.6162109375,1504.9887347127667,1478.0085445106329,4608875
20180613,1531.1253737278264,1537.9547119140625,1544.3203899612136,1515.949020904533,5370983
20180614,1542.929912091349,1507.1390380859375,1544.8691547887177,1504.1458815141896,3819998
20180615,1517.635522556189,1551.4029541015625,1557.3469648121602,1508.023810329084,9183574
20180618,1574.9259593642396,1542.0860595703125,1574.9259593642396,1536.3106348248389,4674987
20180619,1536.3108994142262,1538.292236328125,1550.5176336571235,1535.3412783521599,3245034
20180620,1544.6157839071745,1536.5638427734375,1548.2412878872472,1533.3178094450006,3107695
20180621,1544.6155760338672,1533.949951171875,1544.6155760338672,1532.4744723192225,2910659
20180622,1540.4002487002122,1525.8984375,1540.4002487002122,1517.2563452453874,2949458
20180625,1527.6686102237463,1533.8656005859375,1536.4792852988278,1522.6941182675296,2083217
20180626,1537.0278382929562,1561.4786376953125,1569.0668168201819,1535.3415762652076,4679712
20180627,1568.223615467741,1566.537353515625,1589.42838009985,1560.846219427234,4081208
20180628,1572.4388194335784,1553.636962890625,1577.4976038392626,1539.8097011854065,4888125
20180629,1555.4923609702582,1557.895263671875,1574.4628079639624,1553.300241013016,3506276
20180702,1561.4784756082565,1560.930419921875,1566.368676149614,1552.288327926743,2650290
20180703,1568.1813514810804,1580.069580078125,1585.001875495379,1565.736354090844,3242233
20180704,1585.0021097615504,1573.4090576171875,1585.0021097615504,1565.8208780317864,2700614
20180705,1579.184092842251,1585.3389892578125,1591.4094902508,1569.9939459301957,2472571
20180706,1587.4888482614567,1612.8670654296875,1619.6543097180338,1586.477132443144,3713781
20180709,1622.1837205527252,1587.6153564453125,1622.520993469729,1582.1350060380398,6151747
20180710,1600.2624298873648,1580.9547119140625,1601.0212682729314,1577.2871131252832,5303302
20180711,1601.9487598170604,1669.31494140625,1684.575590586572,1597.0164644829274,22903802
20180712,1672.7715827169961,1662.10595703125,1678.5892060838798,1652.9580080225155,6921701
20180713,1665.1833386930239,1670.326416015625,1684.491054698067,1664.3402078886224,4148185
20180716,1677.8306738917172,1677.1561279296875,1682.8894598431496,1667.249338774799,2582159
20180717,1680.3662987292776,1691.475830078125,1697.2628929849766,1673.607661026998,3315492
20180718,1693.8836688992976,1689.8707275390625,1699.5439870401765,1683.787994518159,2013869
20180719,1691.4332431582152,1673.9453125,1698.4875493656166,1664.3142348805532,1746318
20180720,1676.9023995417363,1686.786865234375,1689.6593066814573,1676.1420322280057,1934995
20180723,1690.5045040302102,1694.4329833984375,1698.0656898207674,1677.832056473762,2086201
20180724,1702.3317273871312,1688.814453125,1702.3317273871312,1676.2687535761834,2038423
20180725,1691.26469891085,1674.0301513671875,1691.3491612602118,1662.962902256396,1535492
20180726,1668.4964187156115,1659.8369140625,1676.9869986757233,1651.7265693545799,3503036
20180727,1656.5843854013287,1642.1378173828125,1659.794779684835,1639.2231960130582,2033977
20180730,1641.5042500192872,1642.85595703125,1651.3887171184385,1631.830990363525,1579251
20180731,1640.6591623391748,1639.138427734375,1644.8833105429317,1628.8315473686555,2204803
20180801,1647.3753974729027,1669.8056640625,1674.0720946908812,1647.2487555388527,2425180
20180802,1672.7635035582643,1646.06689453125,1676.987653819775,1643.1944517276888,1509287
20180803,1652.9092954869411,1672.298095703125,1674.4947354093297,1652.9092954869411,1505131
20180806,1687.1250978607743,1669.0035400390625,1688.77247470688,1666.215560468659,1532249
20180807,1671.242187923051,1662.0758056640625,1672.0448380712426,1656.2887424409134,1353521
20180808,1666.0043101827664,1667.6939697265625,1671.3267789971774,1657.5560124637868,1315062
20180809,1672.7629328160383,1667.9896240234375,1673.4388378787305,1660.9353161193592,2060297
20180810,1673.565376499916,1683.830078125,1686.702519771122,1666.0464745670736,2784105
20180813,1687.8005598038549,1689.785888671875,1693.2496692905543,1681.2108478923303,3559575
20180814,1682.9005024163043,1692.6583251953125,1710.441925755829,1674.7901591749596,3311765
20180816,1689.9127702343249,1696.84033203125,1706.598155625222,1685.4351318906367,2152065
20180817,1701.3603223459113,1700.4310302734375,1708.1612428887308,1693.0387701741245,1213731
20180820,1709.9353283317676,1698.0654296875,1709.9353283317676,1692.7852440145389,1587032
20180821,1698.2340910596822,1704.5703125,1709.9349593604147,1693.0383688529007,1376866
20180823,1708.9215229934769,1719.3128662109375,1721.762892915885,1706.8094487872504,3046791
20180824,1719.312520560313,1725.9866943359375,1728.5211828738757,1715.8487401841846,1570533
20180827,1725.9871823487354,1732.6612548828125,1739.5044583730034,1719.2285443366013,1532702
20180828,1736.125283952709,1748.121826171875,1750.4873909245807,1733.5907944870846,1987983
20180829,1750.9095974778577,1750.4871826171875,1754.3734818382557,1728.183657348077,1525867
20180830,1747.1079712668136,1759.2734375,1761.470077413591,1744.995896833464,2408020
20180831,1759.1888803981972,1755.8939208984375,1767.3836870263638,1752.1767528167677,2504554
20180903,1761.3010215958043,1734.350830078125,1765.6940948386891,1730.5490963811037,1439711
20180904,1740.1805340668197,1773.2132568359375,1778.1555938698586,1737.7726865359793,4420803
20180905,1774.1425224690395,1756.6123046875,1780.2675383204205,1753.0640608940157,1681106
20180906,1753.022022476748,1753.2755126953125,1758.5134167640244,1740.6030643400588,2238097
20180907,1756.6545650748396,1757.1192626953125,1760.625223704101,1744.911307630707,1312182
20180910,1760.963062711222,1757.8795166015625,1768.5665305230273,1752.3881231819253,1530539
20180911,1764.8493826836439,1728.73291015625,1764.8493826836439,1725.3113083495698,3679745
20180912,1733.8864888584126,1726.789794921875,1747.8682567710468,1723.45275852814,2307661
20180914,1726.8322226396174,1744.9114990234375,1750.107326383111,1704.9933915259949,3642038
20180917,1748.79774964282,1752.3037109375,1755.3874635740901,1735.7451700092613,1033857
20180918,1751.3318970212897,1749.4310302734375,1756.2319503338688,1738.3216026722196,1456507
20180919,1750.4029445519393,1755.471923828125,1764.8496179919864,1746.1367186669856,1301268
20180921,1754.7114941757516,1776.8037109375,1791.884005366764,1732.0277315483258,4508530
20180924,1786.8151516332698,1857.316162109375,1867.4964031609186,1772.5796860074126,3032226
20180925,1862.7652616887417,1844.4324951171875,1868.6790706639067,1819.5945799244093,2868778
20180926,1847.642400384033,1809.751708984375,1857.7803559416957,1803.7958251000352,1970951
20180927,1809.540766543386,1849.2056884765625,1866.820265082919,1804.3874288013242,3311802
20180928,1840.0391261158475,1844.8546142578125,1850.1770827335656,1823.8607195163077,2904371
20181001,1850.9375375473712,1905.555908203125,1922.790353724782,1850.473046160373,3772208
20181003,1901.120432893476,1827.2401123046875,1905.0910914779195,1821.1150966003793,3902322
20181004,1821.9599547381897,1744.404541015625,1822.0020312206502,1737.2657707487679,4762419
20181005,1731.9010208936966,1776.3812255859375,1791.039104533969,1707.3164953203957,3417624
20181008,1776.381251145558,1755.1761474609375,1792.897714565622,1730.3380282202772,2010154
20181009,1757.5415847391848,1767.21484375,1780.6052710137183,1734.6043341620782,1867130
20181010,1774.1423105946412,1726.493896484375,1779.1690058898773,1714.1594039031081,2749573
20181011,1676.987134820204,1672.720703125,1700.6423689637634,1639.8146240231818,4700256
20181012,1671.0730063556994,1620.63671875,1671.0730063556994,1607.710784173355,9373289
20181015,1638.9696013300686,1646.9954833984375,1652.1067442829012,1622.0730075019235,2638151
20181016,1654.1767608936073,1657.8095703125,1665.919915828028,1634.7456753468489,2815425
20181017,1664.3140947427328,1630.0140380859375,1680.365855047358,1622.0726202568767,2779207
20181019,1629.6763523026384,1616.3280029296875,1629.6763523026384,1579.8736869868271,3428776
20181022,1617.0040643063585,1607.7109375,1618.6937237256964,1594.1513794083628,1778496
20181023,1598.398421630516,1560.851318359375,1606.8645149654235,1555.2213456224883,2752811
20181024,1567.962779713896,1564.957275390625,1586.5458123246044,1533.294067218283,2735913
20181025,1561.147605867175,1568.76708984375,1589.001073517384,1545.1044003881768,2507233
20181026,1569.5289964408169,1523.134765625,1569.5289964408169,1516.3618912487266,2285970
20181029,1531.2620633391375,1584.005859375,1589.8897521481802,1510.6471493873667,2609483
20181030,1580.6194945794416,1604.1552734375,1616.5157480124956,1561.9940907868613,2404883
20181031,1608.5577891741839,1640.85595703125,1645.7239608669088,1587.7734879809802,2769190
20181101,1645.512576544368,1638.8243408203125,1646.1051618564456,1609.6586848623942,2769759
20181102,1637.5113534817658,1619.9442138671875,1654.7822005671942,1612.7904079889854,1818635
20181105,1617.0237458184695,1600.8111572265625,1631.7123963482243,1595.6468612206074,1713366
20181106,1603.477961719426,1636.24169921875,1640.3054650640909,1600.9381339025526,1398710
20181107,1642.4218349949306,1644.2420654296875,1650.041317734598,1639.8820074150415,144530
20181109,1660.2007132788742,1616.3463134765625,1661.004950715451,1612.790596020528,2570479
20181112,1615.7536908125362,1621.129638671875,1647.5861767058766,1615.7536908125362,2552008
20181113,1621.2565508030668,1638.1463623046875,1641.575170760912,1611.0972408241441,1418432
20181114,1629.7226326788061,1592.175537109375,1633.8710382311574,1583.1591288879831,2422318
20181115,1578.079672217889,1585.5721435546875,1607.710996535285,1572.661352244965,1829123
20181116,1599.2448955928708,1597.2130126953125,1608.3883169589546,1583.370971933598,1829729
20181119,1607.7109533156197,1610.6317138671875,1614.780119829274,1578.3336539061722,1740628
20181120,1610.2508918135647,1590.1439208984375,1610.2508918135647,1586.7151118882498,1190182
20181121,1584.0059782790295,1534.0560302734375,1584.0483500817852,1522.6691766850831,3840461
20181122,1540.8290490362267,1534.5218505859375,1564.1954469128768,1532.3205835534754,3194219
20181126,1539.982203297426,1562.92529296875,1574.693182041348,1510.7741845982719,4333177
20181127,1569.6136356591392,1600.30322265625,1606.7798044434332,1553.8243516107634,3344839
20181128,1599.2447789391517,1679.5880126953125,1683.9056989465182,1593.741819138673,5313249
20181129,1690.6785660339015,1659.8197021484375,1690.6785660339015,1644.5807366058184,4035441
20181130,1664.4338742031705,1666.3387451171875,1685.5991065811356,1659.2272063690189,5268901
20181203,1679.6727914673443,1678.3182373046875,1684.7524470867013,1666.3810672683705,1610576
20181204,1678.826489206534,1702.404541015625,1709.6430929352746,1668.6671761099742,3270615
20181205,1698.2982705585448,1698.9332275390625,1708.4575822468312,1680.5194751040435,2501539
20181206,1691.5254007578199,1687.038330078125,1707.6109776419032,1675.947768790377,2321216
20181207,1680.561905135847,1689.1549072265625,1696.5204704632897,1670.3602212903797,1680420
20181210,1672.053140063787,1672.73046875,1702.5310707181143,1659.3540022911507,2010786
20181211,1667.8201080322265,1693.2183837890625,1701.6844757080078,1660.2006253051757,2942014
20181212,1694.1497014647161,1707.4415283203125,1711.843854957133,1680.4769417957643,2219993
20181213,1713.5368200603161,1678.4871826171875,1718.3624505966568,1671.6296695697106,3748429
20181214,1678.8262806477926,1684.5408935546875,1692.3296579561097,1672.2650584213577,2473761
20181217,1692.3718442930556,1688.392822265625,1697.3668594001094,1680.5193151184167,1227921
20181218,1686.3615492043152,1682.9327392578125,1694.912284817182,1673.2391014447417,1768742
20181219,1680.3502015500144,1666.508056640625,1680.3502015500144,1659.3966211060208,2498833
20181220,1654.1051201578846,1654.3167724609375,1671.9685538663846,1647.5015269642915,1940277
20181221,1649.1947918385072,1605.0018310546875,1650.8880103106208,1597.1706956211628,3729956
20181224,1613.4678312173137,1624.2197265625,1641.490574660325,1612.7905025288312,1864116
20181226,1627.013853505394,1599.414306640625,1627.013853505394,1583.371101157988,2446614
20181227,1616.177137427918,1616.134765625,1643.861219920843,1584.937233903277,4968201
20181228,1621.256828127863,1605.213623046875,1625.4898746764998,1602.6314233138614,2239130
20181231,1615.3305962277466,1602.673828125,1616.17720555491,1596.8322030983995,1879740
20190101,1605.1711164249746,1610.9281005859375,1617.0236457656654,1595.8584148001462,1094883
20190102,1612.7907000360633,1628.28369140625,1637.7233023281976,1608.5576535792757,2100463
20190103,1624.6428370144927,1608.514892578125,1646.6123014711172,1602.715641004692,2611668
20190104,1608.5578909610992,1588.9588623046875,1609.5737809223033,1558.6079353996756,4280862
20190107,1601.6153675009627,1606.7796630859375,1616.0077242748102,1592.4719465651187,1856423
20190108,1613.1292223781484,1603.096923828125,1613.975831594958,1594.4191793558268,1691756
20190109,1614.82262184628,1597.5093994140625,1624.6432691930738,1580.3655608517072,2414376
20190110,1600.091555802268,1598.864013671875,1612.790695134032,1584.9372288638574,3053461
20190111,1583.1590567749006,1559.919677734375,1587.3921023812507,1553.5277375304506,9209862
20190114,1566.2271484644284,1535.1142578125,1567.0737577338687,1532.3627776868193,3615370
20190115,1532.3626983511815,1581.2967529296875,1582.6089352218687,1530.6694798999647,7711653
20190116,1583.1593648910473,1583.286376953125,1587.3924113212372,1563.6873513121734,2359280
20190117,1593.340082610597,1607.16943359375,1610.3085605936703,1587.6556839132154,2625816
20190118,1595.8853346392532,1612.556884765625,1615.5687274300783,1591.6432151957677,1683728
20190121,1613.702319828448,1619.38671875,1639.1550378068148,1608.1451016428882,2409803
20190122,1618.0290720773573,1613.6173095703125,1627.4890185339045,1603.5210452386705,2457093
20190123,1612.8540680504905,1591.3040771484375,1617.1810098551919,1586.55292333215,2578169
20190124,1599.10957688637,1613.3206787109375,1616.4598060452329,1590.7949803620581,1962927
20190125,1613.7024196841805,1629.65283203125,1641.7004111928966,1612.853995699068,2327080
20190128,1640.003375634391,1658.668701171875,1664.6076683883473,1633.6401964738852,2769033
20190129,1664.6076073122872,1682.21240234375,1687.5575140694054,1643.100083252383,2557626
20190130,1679.540056182072,1681.0672607421875,1687.9394741279511,1658.3719197354408,2429575
20190131,1685.8184004528134,1708.8106689453125,1713.604285009849,1684.1215525409334,4094319
20190201,1704.9079501303418,1722.2581787109375,1726.3306551518851,1695.235896258625,3064163
20190204,1722.258153582852,1739.481201171875,1743.8929642790513,1716.361648565152,1590764
20190205,1739.2691328664466,1734.645263671875,1743.511252702706,1720.6038055869042,1111404
20190206,1739.1840572840904,1760.3099365234375,1770.5334858720707,1731.6756301037794,1789812
20190207,1760.2674351068117,1767.1820068359375,1779.950827584903,1753.6921500738788,1339945
20190208,1760.4795656869064,1748.94091796875,1772.7817120495379,1740.1173923970337,1684474
20190211,1747.7532928082803,1752.7589111328125,1778.2965542359977,1738.3357043475014,1778730
20190212,1756.2375040965785,1740.6265869140625,1756.2375040965785,1712.1194605154085,2422903
20190214,1747.7957115070585,1734.6875,1760.4796074931328,1724.888266011967,1724085
20190215,1738.420520659335,1722.0458984375,1740.965792285483,1706.1379507740726,1930065
20190218,1728.748524758351,1671.649658203125,1732.439148024462,1665.1591946290014,2942184
20190219,1671.3950775314368,1616.077880859375,1672.243501428661,1605.2180135479587,4408554
20190220,1624.7317592941106,1624.5196533203125,1640.6821699506822,1596.1399154530632,4645778
20190221,1624.5197751902508,1624.0531005859375,1645.9424801509788,1609.5027125457214,4683919
20190222,1626.5982121685536,1633.7674560546875,1637.458079198475,1616.3323039917154,2271955
20190225,1639.5794764950624,1684.2490234375,1688.363859366196,1637.882628395197,2934880
20190226,1683.2728980188647,1729.681640625,1735.1540365316587,1673.3039179020695,6453309
20190227,1730.7846805768652,1746.1412353515625,1760.437053162743,1715.5130510423635,4732082
20190228,1747.7534163009798,1682.8065185546875,1757.3831114243103,1677.8432589354643,8454295
20190301,1692.6481407082726,1692.945068359375,1701.0899170742866,1680.176247255635,4148548
20190305,1701.0900950878686,1686.751708984375,1702.7869430630187,1676.9948331272624,2449622
20190306,1687.7694758713199,1696.5081787109375,1709.573925705233,1684.163674787326,2635047
20190307,1701.0897547522413,1708.1317138671875,1717.2522699088765,1697.0172789997057,2539884
20190308,1718.0587165640372,1716.1072998046875,1724.846109024537,1705.374818330434,2031071
20190311,1721.367297473185,1709.404541015625,1724.845814802352,1699.9445936739921,3111689
20190312,1708.7679612970867,1707.410400390625,1717.8885169628368,1699.392837069536,2658550
20190313,1707.8773939937867,1697.2720947265625,1710.337844137258,1678.6915896969106,1833163
20190314,1701.047246163253,1686.157470703125,1703.465336832612,1680.727537702276,1905495
20190315,1695.9144506760072,1730.7421875,1755.346479094834,1689.2118815625622,5184318
20190318,1733.3300157663086,1716.19189453125,1751.6560547340334,1706.180451153229,2349915
20190319,1722.3005051422451,1716.19189453125,1722.3005051422451,1692.690490522631,2373993
20190320,1720.6033792342655,1709.6163330078125,1734.8569397791239,1696.8475140377373,3091165
20190322,1709.573977262111,1701.6412353515625,1710.4224010721666,1682.678983910291,3148149
20190325,1703.4656550212128,1683.4852294921875,1703.4656550212128,1677.503799193915,2429205
20190326,1683.2732814185363,1682.1279296875,1692.5634831526365,1661.2567191898404,2316539
20190327,1691.7574936401422,1669.6136474609375,1695.151189715649,1663.7595010172113,2266166
20190328,1679.8793699041,1697.1024169921875,1709.2348169677375,1673.7707590768528,4054489
20190401,1705.3320412800915,1723.700439453125,1730.7422956921178,1703.8472994531064,2095740
20190402,1728.3241382999993,1764.127685546875,1769.8120836984447,1728.2393166317026,3719663
20190403,1768.963659880756,1764.127685546875,1772.866492296012,1746.1411420388208,2939886
20190404,1763.1521252553496,1709.1500244140625,1764.46722378721,1703.1262351631096,4397518
20190405,1721.1549894423042,1737.8265380859375,1743.001799065868,1712.7980355953646,3152103
20190408,1746.904798537856,1756.873779296875,1760.4795808480094,1724.5912086885937,2194294
20190409,1756.2377649535695,1774.4788818359375,1779.9936381026998,1745.7596451928107,2690970
20190410,1767.2668225185907,1730.9967041015625,1769.387882075142,1727.390902855425,3313062
20190411,1735.026899594191,1713.39208984375,1743.511138712011,1708.4288306732997,3422442
20190412,1729.08798697238,1709.1500244140625,1729.9364109110318,1702.786844874174,3198471
20190415,1756.2375669717358,1792.974365234375,1798.4891208794554,1731.6332725552234,9189201
20190416,1798.6586008720028,1808.6700439453125,1829.1593975117298,1794.883156084855,5771952
20190418,1824.0260545452672,1824.1534423828125,1828.3530983279027,1793.737369470904,3413728
20190422,1822.4147882049392,1833.8260498046875,1846.1706606768844,1820.3786534183946,2007135
20190423,1835.1410472993066,1828.3961181640625,1837.2621072245254,1810.5792147922245,2163524
20190424,1830.8992250272295,1852.4915771484375,1862.2909170225992,1829.2873020759787,3003071
20190425,1845.3216858605317,1862.2901611328125,1870.774398768953,1839.4251821303558,4211526
20190426,1869.0779886708633,1899.239501953125,1903.820908494966,1860.72092978954,2716958
20190430,1899.2395452680073,1917.7352294921875,1923.3347034893907,1892.0704040510798,3488395
20190502,1913.19581238309,1879.59814453125,1916.9287945289689,1875.9500876256225,2457699
20190503,1853.8063126612335,1808.83984375,1854.6971992269912,1802.9008761579503,3780886
20190506,1790.1747978232638,1830.77197265625,1836.8381219371404,1788.9021617110673,2891422
20190507,1832.6380634272298,1825.7657470703125,1853.254805363243,1814.6090557804132,2201698
20190508,1824.9598738908294,1826.529541015625,1839.3830807044715,1807.4822580745165,1824895
20190509,1819.8692880416552,1843.243408203125,1853.042745796452,1812.3183980920232,2264162
20190510,1845.3222675037268,1812.0640869140625,1859.7454760313422,1803.622309232207,2039633
20190513,1809.6880767625146,1806.082275390625,1838.5344877376322,1800.058383186047,1701744
20190514,1811.3850255639672,1775.1998291015625,1832.4259797000425,1758.231351110331,2456110
20190515,1779.1450367702316,1777.7874755859375,1802.0524835955994,1768.5397373140427,2346876
20190516,1778.2961229253112,1789.113525390625,1802.051987162863,1762.2185348057649,1946529
20190517,1792.3805513354748,1777.8299560546875,1811.3851652978115,1773.2060868723306,1947908
20190520,1802.9010439305098,1818.9786376953125,1825.2993552223736,1739.2692423800213,2625116
20190521,1822.456956294281,1789.9622802734375,1823.008348962215,1783.8536697662842,1863157
20190522,1790.1745193534584,1766.20654296875,1800.3131440432257,1760.4796813547046,2595795
20190523,1779.9935148606585,1742.705322265625,1794.7137538074287,1739.269163710367,2541294
20190524,1756.2377160787582,1737.5723876953125,1756.2377160787582,1724.2097094208002,2274208
20190527,1743.3417256771957,1743.6385498046875,1755.3468427610624,1730.8698303858596,2329820
20190528,1747.7532387262656,1759.4190673828125,1779.5691350623022,1735.0268801918512,5872979
20190529,1764.7217054106418,1788.0958251953125,1801.7977882752539,1762.2613589637251,3281320
20190530,1801.2040921393955,1820.972412109375,1829.6687578203637,1793.9075631279798,4971725
20190531,1832.59541524023,1863.6053466796875,1870.732023773957,1826.0201307642524,4265370
20190603,1867.3810707563568,1902.4210205078125,1906.959964254472,1854.3576805711941,3682419
20190604,1902.1651182769629,1867.183837890625,1902.1651182769629,1860.2559047897457,2408658
20190606,1880.7818895363189,1852.6429443359375,1880.7818895363189,1840.5832770723775,3735467
20190607,1859.4000683493039,1866.028564453125,1872.9136892650988,1832.1164066205529,2659446
20190610,1878.8148559525678,1908.5789794921875,1912.2995732387512,1869.2356530047841,2080593
20190611,1913.2832545955994,1926.796875,1936.333272606023,1908.1515158707118,3048937
20190612,1920.1254639795109,1933.7244873046875,1938.8562257384858,1897.8879307663851,2404448
20190613,1936.375976329592,1927.90869140625,1954.3370609156882,1918.4576979928001,3320916
20190614,1930.6025347850307,1928.25048828125,1935.606062690179,1910.7170507076125,2131408
20190617,1929.5335409520073,1923.717529296875,1934.6652790928372,1917.0890341983031,1489497
20190618,1919.2702099749204,1925.1290283203125,1932.954846053173,1908.3224593501234,1877447
20190619,1928.6790353857539,1932.869873046875,1946.6401261809206,1918.5437649126347,1652817
20190620,1907.2961490846724,1948.3072509765625,1953.4817957441219,1891.9009335315225,2199377
20190621,1954.3370321112975,1924.273681640625,1960.7517050832164,1917.5595737389624,3871804
20190624,1927.9509098506242,1946.21142578125,1950.0602288645352,1925.0858150640704,1382424
20190625,1941.5078164723113,1939.626220703125,1945.31381426223,1924.8296656259631,1386077
20190626,1937.2318024416877,1927.99462890625,1938.7713661660991,1924.4024527566435,1762224
20190627,1928.6786703871317,1926.583251953125,1936.3762792711602,1916.9612408480893,2813464
20190628,1932.9550377627634,1904.9014892578125,1934.6228111880143,1900.881668773337,2372928
20190701,1911.5726232086809,1915.4642333984375,1928.6784184946644,1887.282477426975,2769940
20190702,1920.0396235383218,1926.1978759765625,1930.3887116755825,1895.7066751156772,1771746
20190703,1926.2836195104967,1913.839111328125,1931.928615637856,1909.0068075484644,1656881
20190704,1910.7174272857928,1918.1156005859375,1926.1126437992862,1907.3818805655976,984140
20190705,1921.8361210502235,1850.077392578125,1924.4019903707176,1830.3201152859272,4088470
20190708,1838.0178441284256,1860.597412109375,1872.0584211145942,1823.5635295300822,2788062
20190709,1859.39989061823,1824.6324462890625,1859.7419229890797,1800.0000600697363,3977224
20190710,1779.002455881963,1803.12158203125,1819.9281487880498,1771.5614777565693,6343581
20190711,1820.0566337031448,1798.28955078125,1820.911923474622,1784.177269551879,2400346
20190712,1797.9046710129364,1802.6087646484375,1813.0004516097458,1790.2070632457526,1560725
20190715,1817.4910968942584,1835.195556640625,1841.9524723580423,1794.398268839602,2900415
20190716,1822.5930136366335,1805.447265625,1828.1653817404142,1800.30354122151,2735399
20190717,1807.1621312839472,1815.092041015625,1821.736019439463,1793.5313431403335,1802969
20190718,1814.1916081749878,1771.1129150390625,1814.1916081749878,1766.0120967165362,3072096
20190719,1780.5858749784152,1780.54296875,1797.7316224505232,1768.155208061137,1953177
20190722,1780.586217260751,1808.7908935546875,1815.263456329365,1773.5565013055987,1920167
20190723,1824.2218556986982,1810.976806640625,1826.022243038071,1802.361026028524,3538588
20190724,1808.8764548099416,1797.560302734375,1818.1352007985638,1780.1573262620113,2413196
20190725,1807.9338248379663,1824.2222900390625,1830.3091160179158,1793.9172974678465,2544464
20190726,1825.8509716036638,1808.062255859375,1825.8509716036638,1796.017324543862,1720592
20190729,1809.562461052632,1826.0223388671875,1836.3097886636224,1803.1328049298602,1647090
20190730,1826.0221237361634,1868.15771484375,1873.1729297481302,1817.8349873779866,2851672
20190731,1861.8141975325382,1890.9190673828125,1896.062792574568,1840.7248405268547,3000677
20190801,1886.0327779261627,1868.929931640625,1901.035311386939,1857.0993205375228,2375236
20190802,1862.8862248031062,1890.57666015625,1894.6058706004899,1856.456566871204,2500816
20190805,1885.9465887707627,1927.6966552734375,1930.8256707651005,1882.260420152758,3039682
20190806,1914.1514792902276,1898.805908203125,1930.5684504018107,1895.8483083308977,2885467
20190807,1911.7511383651815,1897.56298828125,1919.038082166125,1892.2478476038327,2165362
20190808,1910.8081010186606,1935.841064453125,1955.4728652643512,1902.2352256777385,2073298
20190809,1937.4693412632164,1925.681640625,1944.2418273649816,1921.481016480664,1744550
20190813,1924.6100260108092,1885.560546875,1925.6816351566947,1881.1456009134154,1647281
20190814,1869.8300540092907,1889.8046875,1901.3353730722176,1858.085046538686,1945002
20190816,1921.52402479122,1856.1131591796875,1921.52402479122,1837.3813445014518,3755507
20190819,1868.886876769822,1854.31298828125,1874.0306021187298,1849.7693223633041,974884
20190820,1862.0283498985366,1874.67333984375,1890.3188358776579,1857.3132689020163,1843611
20190821,1873.1301729135498,1874.2017822265625,1887.746965802779,1870.8155386571818,1214408
20190822,1874.887686939446,1899.7490234375,1916.594638414116,1860.3138000267936,2131601
20190823,1898.8487632474576,1926.9249267578125,1937.383791610329,1897.9485695805174,2826425
20190826,1926.3250375788648,1951.443603515625,1956.3301004695013,1907.4647123333218,2345475
20190827,1946.0426174669544,1917.323486328125,1950.2005455453418,1910.893830103014,3432106
20190828,1920.3241180082616,1919.68115234375,1930.7400780538635,1899.7492167438875,1294621
20190829,1905.0641343272773,1914.7086181640625,1927.3536080834028,1905.0641343272773,1670652
20190830,1921.1813216223054,1937.126953125,1942.613509502965,1901.463708772099,2583625
20190903,1946.0423143090297,1930.268310546875,1968.5032013633465,1917.7089250977915,2545060
20190904,1941.756042464422,1924.953125,1946.0424796442553,1914.3228445134898,2228092
20190905,1922.2098744174305,1899.14892578125,1932.0257738391892,1892.2906261959245,2055943
20190906,1899.749347180745,1883.8895263671875,1914.751880382759,1879.6889007901168,1890550
20190909,1886.032843922472,1871.3304443359375,1888.4761974625055,1868.7156751243872,1703945
20190911,1874.0306141462831,1846.597412109375,1881.7462022191635,1840.2106616199017,2627440
20190912,1847.4543875510258,1829.1085205078125,1856.0272617391975,1817.7494622084848,2118859
20190913,1830.3081313037653,1836.2662353515625,1849.982830246579,1813.6339374942365,2291174
20190916,1851.697936792152,1843.16796875,1863.2284108299432,1822.9359017456409,2597948
20190917,1847.411247173268,1819.7208251953125,1848.7829905889907,1805.1042439959829,2796530
20190918,1822.9361258203044,1833.352294921875,1837.1242763462828,1811.5770660119888,1454663
20190919,1830.3088583110898,1801.9754638671875,1830.9947301879977,1792.5882073669736,1652691
20190920,1804.504523102926,1770.6845703125,1825.508068576416,1763.4405322028165,6941979
20190923,1799.446265446666,1728.1199951171875,1799.446265446666,1693.1426270877396,6323401
20190924,1727.4341138502255,1752.8955078125,1766.8693343152927,1725.7195390473964,4620978
20190925,1770.2986281972403,1790.4019775390625,1793.4453899218531,1766.0550970741344,4002232
20190926,1798.5032330189379,1789.67333984375,1806.3046324266356,1768.583985142928,4234281
20190927,1787.4443750823737,1762.7115478515625,1787.6157907166466,1758.639432368761,2046795
20190930,1767.598239645474,1799.70361328125,1803.7328224983844,1766.0121741191406,2620039
20191001,1796.8314622341634,1765.9691162109375,1796.8314622341634,1748.6090465728728,3342877
20191003,1774.585238228636,1766.2266845703125,1784.1439107440513,1754.138950978917,2317618
20191004,1766.5269315434616,1782.60107421875,1789.9736220799093,1761.6831309714016,2163251
20191007,1783.158204726411,1755.4677734375,1795.5888749035903,1749.7239883877908,2177916
20191009,1766.0120629713863,1731.8062744140625,1766.0120629713863,1727.8627732615676,2066920
20191010,1738.5790551223492,1718.389892578125,1748.0521238850008,1712.088850364431,2881452
20191011,1655.4222687930744,1703.3017578125,1710.2886723159936,1650.2785434628008,12593069
20191014,1710.2887693742075,1732.5782470703125,1742.6513764137444,1687.1420040744063,3510704
20191015,1742.0078489777025,1746.551513671875,1754.8671588864945,1734.0350349745186,2261310
20191016,1747.1516703929806,1754.3529052734375,1762.5828431442433,1728.291348141437,3034082
20191017,1765.397914908344,1780.255615234375,1786.4354273004992,1752.5124813690777,3818774
20191018,1785.9971115140004,1803.39697265625,1809.1382890993693,1775.0400740200496,3087901
20191022,1823.2508145756983,1798.1810302734375,1850.8625456618206,1788.2321698562846,5552505
20191023,1805.7196268956839,1814.572998046875,1826.6257382749409,1799.1454049531026,2348134
20191024,1826.7569098129052,1825.0037841796875,1839.9053520620384,1806.8589766768025,2798671
20191025,1835.5227640356877,1862.65234375,1867.0790293199689,1818.911939416136,3954245
20191027,1866.2019052939295,1854.5435791015625,1866.2019052939295,1848.4953823424041,224405
20191029,1859.6282190944135,1923.9241943359375,1929.928521884521,1859.6282190944135,5064173
20191030,1950.3525763673658,1974.7210693359375,1981.032279815841,1908.1461556536715,5195136
20191031,1972.2670748925993,1989.491455078125,2002.9029139883296,1960.871754015442,4879261
20191101,1984.5386277763246,1929.2274169921875,1994.180820755803,1924.0557809050497,4172620
20191104,1934.574320482942,1923.1351318359375,1954.0339740638594,1911.695943188933,2646411
20191105,1925.8082776291865,1930.0596923828125,1938.0801555931412,1901.2645217012769,2693475
20191106,1928.4383835246742,1918.35791015625,1937.9053056629002,1910.0305625910296,2540719
20191107,1932.3827723988554,1915.5966796875,1932.3827723988554,1906.6994384973295,1915598
20191108,1919.3220120656404,1867.034912109375,1919.3220120656404,1861.8194061970764,2788759
20191111,1871.4618791071887,1841.6148681640625,1874.9681308713239,1832.893109701701,2983768
20191113,1856.5602554186419,1909.6800537109375,1914.2381380715706,1856.5602554186419,3823365
20191114,1917.4812235214727,1925.63330078125,1928.4382590844525,1881.7174166429863,2995915
20191115,1924.9317173086272,1906.041748046875,1938.518439357026,1901.0453833848292,2724180
20191118,1909.5044326213742,1886.8892822265625,1917.7003808955376,1883.5144296420003,1611089
20191119,1887.2398862189866,1848.495849609375,1888.6861293734182,1845.1648678546062,2975313
20191120,1860.0225905790762,1848.2767333984375,1871.4617791495075,1835.960981933791,2894129
20191121,1851.3007082509869,1856.6478271484375,1864.0986112488795,1847.2684336065554,2052574
20191122,1838.1524262690461,1815.975341796875,1846.9180553881165,1806.1578799844397,3742049
20191125,1818.4737261451983,1824.5657958984375,1827.5898953006586,1798.8824584447018,2737010
20191126,1831.8849123692369,1794.017333984375,1838.9410719335465,1783.8492265763068,6561580
20191127,1798.7068851980525,1800.7230224609375,1815.975129745283,1793.9296606869195,2907521
20191128,1811.8992166146743,1820.9278564453125,1835.8730812956874,1805.719405943899,2924429
20191129,1827.6336058306954,1799.802734375,1827.6336058306954,1793.2723837162391,2064271
20191202,1805.7195972419677,1771.5775146484375,1812.4690888579196,1767.1508291455375,3809860
20191203,1777.4064866871238,1797.8304443359375,1807.4726358950284,1761.891366706599,4664774
20191204,1799.583560050724,1821.9359130859375,1825.0038831103786,1793.0093385697787,3334301
20191205,1825.8803598752193,1859.4527587890625,1864.2738543144171,1813.0388001231581,3902721
20191206,1861.8196557796691,1861.4691162109375,1865.3259074854689,1841.6587084713206,1829461
20191209,1865.2818843080915,1806.1138916015625,1865.2818843080915,1800.021822560848,2244747
20191210,1805.7194864999155,1764.3895263671875,1806.4646505306525,1755.9745443354154,4520045
20191211,1775.3907144643842,1789.85400390625,1795.201016784294,1759.04279317963,4943024
20191212,1797.9181856891082,1771.4459228515625,1826.4501358631423,1739.1007315943323,7137306
20191213,1773.2864144066837,1815.58056640625,1820.9713416292354,1759.261410634807,5711133
20191216,1837.2760346258963,1864.2303466796875,1872.3385543706652,1823.5140384270019,5574177
20191217,1864.011162305395,1897.7149658203125,1901.2650886623096,1857.4369400071157,6059673
20191218,1905.6474626268596,1900.1689453125,1931.4621934112056,1887.2396444506112,8251081
20191219,1910.7323422746906,1953.903076171875,1960.4334286508197,1899.9944439956955,6251505
20191220,1945.9697717671108,1948.51171875,1969.3739600050058,1935.6701569841093,5548338
20191223,1937.2036074001621,1956.2249755859375,1965.209743448314,1937.2036074001621,2247329
20191224,1962.6242786579276,1942.11279296875,1966.6126825432143,1938.2119169682667,1805896
20191226,1942.8139966430363,1930.147705078125,1953.8587751867212,1924.2309052878556,1880367
20191227,1935.4510053019103,1927.1236572265625,1951.5796780775752,1907.4009907323175,2720261
20191230,1934.574645673465,1913.71240234375,1950.352780527168,1908.3654961572297,2288830
